number,name,other_info,origin,chapter,height,grid_ref,map
C001,Beinn a'Chlaidheimh,,Hill of the sword,,914,NH 061 775,http://www.bing.com/maps/?v=2&cp=57.745202~-5.259591&lvl=13&dir=0&sty=s&form=LMLTCC
C002,Beinn Dearg (Torridon),,red hill,,914,NG 895 608,http://www.bing.com/maps/?v=2&cp=57.588007~-5.523356&lvl=13&dir=0&sty=s&form=LMLTCC
C003,Sgurr a'Choire-bheithe,,peak of the birch-tree corrie,,913,NG 895 015,http://www.bing.com/maps/?v=2&cp=57.056323~-5.472782&lvl=13&dir=0&sty=s&form=LMLTCC
C004,Sgurr nan Ceannaichean,,Peak of the merchants or pedlars,,913,NH 087 480,http://www.bing.com/maps/?v=2&cp=57.481753~-5.192676&lvl=13&dir=0&sty=s&form=LMLTCC
C005,Beinn Bhreac,,speckled hill,,912,NN 868 821,http://www.bing.com/maps/?v=2&cp=56.916339~-3.86097&lvl=13&dir=0&sty=s&form=LMLTCC
C006,Leathad an Taobhain,,slope of the rafters,,912,NN 822 858,http://www.bing.com/maps/?v=2&cp=56.948411~-3.938201&lvl=13&dir=0&sty=s&form=LMLTCC
C007,Foinaven - Ganu Mor,,white hill (big wedge),,911,NC 315 507,http://www.bing.com/maps/?v=2&cp=58.412096~-4.88603&lvl=13&dir=0&sty=s&form=LMLTCC
C008,The Fara,,none,,911,NN 598 844,http://www.bing.com/maps/?v=2&cp=56.929598~-4.305359&lvl=13&dir=0&sty=s&form=LMLTCC
C009,Beinn Dearg Mor,,big red hill,,910,NH 032 799,http://www.bing.com/maps/?v=2&cp=57.765461~-5.310193&lvl=13&dir=0&sty=s&form=LMLTCC
C010,Meall Buidhe,,yellow hill,,910,NN 426 449,http://www.bing.com/maps/?v=2&cp=56.569577~-4.563404&lvl=13&dir=0&sty=s&form=LMLTCC
C011,Beinn nan Oighreag,,cloudberry hill,,909,NN 542 412,http://www.bing.com/maps/?v=2&cp=56.540113~-4.372716&lvl=13&dir=0&sty=s&form=LMLTCC
C012,Streap,,climbing hill,,909,NM 946 863,http://www.bing.com/maps/?v=2&cp=56.922316~-5.376475&lvl=13&dir=0&sty=s&form=LMLTCC
C013,Beinn Maol Chaluim,,Calum's bare hill,,907,NN 135 526,http://www.bing.com/maps/?v=2&cp=56.627997~-5.041883&lvl=13&dir=0&sty=s&form=LMLTCC
C014,Fuar Tholl,,cold hole,,907,NG 975 489,http://www.bing.com/maps/?v=2&cp=57.48496~-5.379885&lvl=13&dir=0&sty=s&form=LMLTCC
C015,Leum Uilleim,,William's leap,,906,NN 331 641,http://www.bing.com/maps/?v=2&cp=56.738588~-4.730265&lvl=13&dir=0&sty=s&form=LMLTCC
C016,Beinn Bhuirich,,hill of roaring,,903,NN 997 700,http://www.bing.com/maps/?v=2&cp=56.810659~-3.644413&lvl=13&dir=0&sty=s&form=LMLTCC
C017,Beinn Damh,,hill of the stag,,902,NG 893 502,http://www.bing.com/maps/?v=2&cp=57.49288~-5.517516&lvl=13&dir=0&sty=s&form=LMLTCC
C018,Beinn an Lochain,,hill of the little loch,,901,NN 218 079,http://www.bing.com/maps/?v=2&cp=56.230154~-4.876314&lvl=13&dir=0&sty=s&form=LMLTCC
C019,Beinn Mheadhonach,,middle hill,,901,NN 880 758,http://www.bing.com/maps/?v=2&cp=56.860064~-3.83849&lvl=13&dir=0&sty=s&form=LMLTCC
C020,Beinn Odhar,,dun-coloured hill,,901,NN 338 338,http://www.bing.com/maps/?v=2&cp=56.466933~-4.699359&lvl=13&dir=0&sty=s&form=LMLTCC
C021,Ben Tee,,fairy hill,,901,NN 241 972,http://www.bing.com/maps/?v=2&cp=57.032253~-4.90013&lvl=13&dir=0&sty=s&form=LMLTCC
C022,Sgurr an Fhuarain,,none,,901,NM 987 980,http://www.bing.com/maps/?v=2&cp=57.029044~-5.318567&lvl=13&dir=0&sty=s&form=LMLTCC
C023,Culardoch,,big back high place,,900,NO 193 988,http://www.bing.com/maps/?v=2&cp=57.073125~-3.332695&lvl=13&dir=0&sty=s&form=LMLTCC
C024,Aonach Buidhe,,yellow ridge,,899,NH 058 324,http://www.bing.com/maps/?v=2&cp=57.340615~-5.228616&lvl=13&dir=0&sty=s&form=LMLTCC
C025,Sgurr nan Eugallt,,peak of the death streams (precipices?),,898,NG 927 048,http://www.bing.com/maps/?v=2&cp=57.087364~-5.422849&lvl=13&dir=0&sty=s&form=LMLTCC
C026,Beinn a'Bhuiridh,,hill of roaring (of stags),,897,NN 094 283,http://www.bing.com/maps/?v=2&cp=56.408357~-5.090799&lvl=13&dir=0&sty=s&form=LMLTCC
C027,Beinn Bhan (Applecross),,white hill,,896,NG 804 450,http://www.bing.com/maps/?v=2&cp=57.442042~-5.661018&lvl=13&dir=0&sty=s&form=LMLTCC
C028,Ben Tirran,,none,,896,NO 373 746,http://www.bing.com/maps/?v=2&cp=56.858571~-3.02985&lvl=13&dir=0&sty=s&form=LMLTCC
C029,Gairbeinn,,rough hill,,896,NN 460 985,http://www.bing.com/maps/?v=2&cp=57.051753~-4.540488&lvl=13&dir=0&sty=s&form=LMLTCC
C030,Ruadh-stac Beag,,small red conical hill,,896,NG 973 614,http://www.bing.com/maps/?v=2&cp=57.596955~-5.393629&lvl=13&dir=0&sty=s&form=LMLTCC
C031,Creag Mhor,,big crag,,895,NJ 057 048,http://www.bing.com/maps/?v=2&cp=57.124417~-3.559186&lvl=13&dir=0&sty=s&form=LMLTCC
C032,An Ruadh-stac,,the red conical hill,,892,NG 922 481,http://www.bing.com/maps/?v=2&cp=57.47539~-5.46744&lvl=13&dir=0&sty=s&form=LMLTCC
C033,Beinn a'Chuallaich,,hill of the herding,,892,NN 684 618,http://www.bing.com/maps/?v=2&cp=56.729241~-4.152488&lvl=13&dir=0&sty=s&form=LMLTCC
C034,Beinn Enaiglair,,hill of the timid birds,,890,NH 225 805,http://www.bing.com/maps/?v=2&cp=57.778897~-4.986705&lvl=13&dir=0&sty=s&form=LMLTCC
C035,Aonach Shasuinn,,height of the saxon (sassenach),,889,NH 173 180,http://www.bing.com/maps/?v=2&cp=57.216197~-5.027208&lvl=13&dir=0&sty=s&form=LMLTCC
C036,Creagan na Beinne,,hill of the rocks / crags,,888,NN 744 369,http://www.bing.com/maps/?v=2&cp=56.507342~-4.042385&lvl=13&dir=0&sty=s&form=LMLTCC
C037,Sgurr Dhomhnuill,,Donald's peak,,888,NM 889 679,http://www.bing.com/maps/?v=2&cp=56.754761~-5.45469&lvl=13&dir=0&sty=s&form=LMLTCC
C038,Ben Aden,,hill of the face,,887,NM 899 986,http://www.bing.com/maps/?v=2&cp=57.030502~-5.463776&lvl=13&dir=0&sty=s&form=LMLTCC
C039,Meall a' Ghiubhais,,hill of the fir tree,,887,NG 976 634,http://www.bing.com/maps/?v=2&cp=57.615023~-5.39029&lvl=13&dir=0&sty=s&form=LMLTCC
C040,Beinn a' Chaisteil (Auch),,hill of the castle,,886,NN 348 364,http://www.bing.com/maps/?v=2&cp=56.490618~-4.684795&lvl=13&dir=0&sty=s&form=LMLTCC
C041,Buidhe Bheinn,,Yellow Hill,,885,NG 963 090,http://www.bing.com/maps/?v=2&cp=57.1271~-5.3664&lvl=13&dir=0&sty=s&form=LMLTCC
C042,Garbh Bheinn (Ardgour),,rough mountain,,885,NM 904 622,http://www.bing.com/maps/?v=2&cp=56.704323~-5.425546&lvl=13&dir=0&sty=s&form=LMLTCC
C043,Cam Chreag (Auch),,crooked crag,,884,NN 375 346,http://www.bing.com/maps/?v=2&cp=56.475404~-4.639872&lvl=13&dir=0&sty=s&form=LMLTCC
C044,The Cobbler (Ben Arthur),,none,,884,NN 259 058,http://www.bing.com/maps/?v=2&cp=56.212828~-4.808884&lvl=13&dir=0&sty=s&form=LMLTCC
C045,Stob Dubh,,black peak,,883,NN 166 488,http://www.bing.com/maps/?v=2&cp=56.59513~-4.98873&lvl=13&dir=0&sty=s&form=LMLTCC
C046,Beinn Odhar Bheag,,little dun-coloured hill,,882,NM 846 778,http://www.bing.com/maps/?v=2&cp=56.841562~-5.533227&lvl=13&dir=0&sty=s&form=LMLTCC
C047,Rois-Bheinn,,hill of showers,,882,NM 756 778,http://www.bing.com/maps/?v=2&cp=56.837304~-5.680448&lvl=13&dir=0&sty=s&form=LMLTCC
C048,Beinn Chuirn,,cairn hill,,880,NN 281 292,http://www.bing.com/maps/?v=2&cp=56.423611~-4.788732&lvl=13&dir=0&sty=s&form=LMLTCC
C049,Sgurr Mhurlagain,,peak of the bay-shaped inlet,,880,NN 012 944,http://www.bing.com/maps/?v=2&cp=56.997842~-5.274608&lvl=13&dir=0&sty=s&form=LMLTCC
C050,Ben Ledi,,hill of the gentle slope or God's hill,,879,NN 562 098,http://www.bing.com/maps/?v=2&cp=56.258862~-4.322982&lvl=13&dir=0&sty=s&form=LMLTCC
C051,Creag Uchdag,,crag of the hollows,,879,NN 708 323,http://www.bing.com/maps/?v=2&cp=56.465068~-4.098553&lvl=13&dir=0&sty=s&form=LMLTCC
C052,Fraochaidh,,heathery hill,,879,NN 029 517,http://www.bing.com/maps/?v=2&cp=56.615585~-5.213696&lvl=13&dir=0&sty=s&form=LMLTCC
C053,Sguman Coinntich,,mossy peak,,879,NG 977 304,http://www.bing.com/maps/?v=2&cp=57.319158~-5.361313&lvl=13&dir=0&sty=s&form=LMLTCC
C054,Sgurr a'Mhuilinn,,peak of the mill,,879,NH 265 558,http://www.bing.com/maps/?v=2&cp=57.558888~-4.901771&lvl=13&dir=0&sty=s&form=LMLTCC
C055,Carn an Fhreiceadain,,watcher's (lookout) cairn,,878,NH 726 071,http://www.bing.com/maps/?v=2&cp=57.137079~-4.106705&lvl=13&dir=0&sty=s&form=LMLTCC
C056,Creag an Loch,,hill of the crag of the loch,,876,NN 735 807,http://www.bing.com/maps/?v=2&cp=56.900328~-4.078573&lvl=13&dir=0&sty=s&form=LMLTCC
C057,Baosbheinn,,wizard's hill,,875,NG 871 654,http://www.bing.com/maps/?v=2&cp=57.628121~-5.567463&lvl=13&dir=0&sty=s&form=LMLTCC
C058,Goat Fell,,hill of wind,,874,NR 991 415,http://www.bing.com/maps/?v=2&cp=55.625457~-5.192492&lvl=13&dir=0&sty=s&form=LMLTCC
C059,Sgurr na Ba Glaise,,peak of the grey cow,,874,NM 770 777,http://www.bing.com/maps/?v=2&cp=56.837081~-5.657462&lvl=13&dir=0&sty=s&form=LMLTCC
C060,Ben Hee,,fairy hill,,873,NC 426 339,http://www.bing.com/maps/?v=2&cp=58.265513~-4.684809&lvl=13&dir=0&sty=s&form=LMLTCC
C061,Sgorr nan Lochan Uaine,,peak of the little green loch,,873,NG 969 531,http://www.bing.com/maps/?v=2&cp=57.522352~-5.393372&lvl=13&dir=0&sty=s&form=LMLTCC
C062,Morven,,big hill,,872,NJ 377 040,http://www.bing.com/maps/?v=2&cp=57.122689~-3.030565&lvl=13&dir=0&sty=s&form=LMLTCC
C063,Stob a'Choin,,dog peak,,869,NN 416 160,http://www.bing.com/maps/?v=2&cp=56.309864~-4.56214&lvl=13&dir=0&sty=s&form=LMLTCC
C064,Beinn Pharlagain - Meall na Meoig,,hill of whey (pharlagain perhaps grassy hollow),,868,NN 448 642,http://www.bing.com/maps/?v=2&cp=56.743526~-4.539263&lvl=13&dir=0&sty=s&form=LMLTCC
C065,Faochaig,,the whelk,,868,NH 022 317,http://www.bing.com/maps/?v=2&cp=57.332789~-5.287764&lvl=13&dir=0&sty=s&form=LMLTCC
C066,Bidein a'Chabair,,peak of the hawk (peak of the hat),,867,NM 889 931,http://www.bing.com/maps/?v=2&cp=56.980728~-5.475613&lvl=13&dir=0&sty=s&form=LMLTCC
C067,Garbh Bheinn (Loch Leven),,rough hill,,867,NN 169 601,http://www.bing.com/maps/?v=2&cp=56.696625~-4.991875&lvl=13&dir=0&sty=s&form=LMLTCC
C068,Carn a'Choire Ghairbh,,cairn of the rough corrie,,865,NH 137 189,http://www.bing.com/maps/?v=2&cp=57.22282~-5.087402&lvl=13&dir=0&sty=s&form=LMLTCC
C069,Conachcraig,,combination of rocks,,865,NO 280 865,http://www.bing.com/maps/?v=2&cp=56.964099~-3.185712&lvl=13&dir=0&sty=s&form=LMLTCC
C070,Beinn Mhic Chasgaig,,MacChasgaig's hill,,864,NN 221 502,http://www.bing.com/maps/?v=2&cp=56.60981~-4.900244&lvl=13&dir=0&sty=s&form=LMLTCC
C071,Beinn Tharsuinn (Monar),,transverse hill,,863,NH 055 433,http://www.bing.com/maps/?v=2&cp=57.438241~-5.24222&lvl=13&dir=0&sty=s&form=LMLTCC
C072,Beinn a'Bha'ach Ard,,hill of the high byre,,862,NH 361 435,http://www.bing.com/maps/?v=2&cp=57.452112~-4.73325&lvl=13&dir=0&sty=s&form=LMLTCC
C073,Cam Chreag (Glen Lyon),,crooked crag,,862,NN 536 491,http://www.bing.com/maps/?v=2&cp=56.610837~-4.38693&lvl=13&dir=0&sty=s&form=LMLTCC
C074,Carn Liath,,grey cairn,,862,NO 165 977,http://www.bing.com/maps/?v=2&cp=57.062747~-3.378496&lvl=13&dir=0&sty=s&form=LMLTCC
C075,Meall na h-Aisre,,hill of the defile,,862,NH 515 000,http://www.bing.com/maps/?v=2&cp=57.067021~-4.450798&lvl=13&dir=0&sty=s&form=LMLTCC
C076,Sgurr na Feartaig,,peak of the sea-pink (thrift),,862,NH 055 454,http://www.bing.com/maps/?v=2&cp=57.457074~-5.243888&lvl=13&dir=0&sty=s&form=LMLTCC
C077,Beinn Lair,,hill of the mare,,860,NG 982 732,http://www.bing.com/maps/?v=2&cp=57.703164~-5.388457&lvl=13&dir=0&sty=s&form=LMLTCC
C078,Caisteal Abhail,,ptarmigan stronghold,,859,NR 969 444,http://www.bing.com/maps/?v=2&cp=55.650559~-5.229515&lvl=13&dir=0&sty=s&form=LMLTCC
C079,Morrone,,the big nose,,859,NO 132 886,http://www.bing.com/maps/?v=2&cp=56.980415~-3.429751&lvl=13&dir=0&sty=s&form=LMLTCC
C080,Beinn Luibhean,,hill of the little plant,,858,NN 243 079,http://www.bing.com/maps/?v=2&cp=56.231084~-4.83604&lvl=13&dir=0&sty=s&form=LMLTCC
C081,Fraoch Bheinn,,heathery hill,,858,NM 986 940,http://www.bing.com/maps/?v=2&cp=56.993128~-5.317014&lvl=13&dir=0&sty=s&form=LMLTCC
C082,Beinn a'Chaisgein Mor,,big forbidding hill,,857,NG 983 785,http://www.bing.com/maps/?v=2&cp=57.750731~-5.39123&lvl=13&dir=0&sty=s&form=LMLTCC
C083,Beinn a'Chrulaiste,,rocky hill,,857,NN 246 567,http://www.bing.com/maps/?v=2&cp=56.669073~-4.863987&lvl=13&dir=0&sty=s&form=LMLTCC
C084,Carn Dearg Mor,,big red cairn,,857,NN 824 912,http://www.bing.com/maps/?v=2&cp=56.996943~-3.937432&lvl=13&dir=0&sty=s&form=LMLTCC
C085,Cruach Innse,,hill of the meadow,,857,NN 280 763,http://www.bing.com/maps/?v=2&cp=56.846201~-4.821748&lvl=13&dir=0&sty=s&form=LMLTCC
C086,Beinn an Eoin,,hill of the bird,,855,NG 905 646,http://www.bing.com/maps/?v=2&cp=57.622541~-5.509948&lvl=13&dir=0&sty=s&form=LMLTCC
C087,Beinn Bhuidhe,,yellow hill,,855,NM 822 967,http://www.bing.com/maps/?v=2&cp=57.009897~-5.58874&lvl=13&dir=0&sty=s&form=LMLTCC
C088,Stob an Aonaich Mhoir,,peak of the big crest,,855,NN 537 694,http://www.bing.com/maps/?v=2&cp=56.793077~-4.396864&lvl=13&dir=0&sty=s&form=LMLTCC
C089,Creach Bheinn (Morvern),,hill of spoil,,853,NM 871 577,http://www.bing.com/maps/?v=2&cp=56.662478~-5.475619&lvl=13&dir=0&sty=s&form=LMLTCC
C090,Meall an t-Seallaidh,,hill of the sight,,852,NN 542 234,http://www.bing.com/maps/?v=2&cp=56.380334~-4.362769&lvl=13&dir=0&sty=s&form=LMLTCC
C091,Bac an Eich,,bank of the horse,,849,NH 222 489,http://www.bing.com/maps/?v=2&cp=57.495321~-4.968499&lvl=13&dir=0&sty=s&form=LMLTCC
C092,Beinn nan Imirean,,hill of the ridge,,849,NN 419 309,http://www.bing.com/maps/?v=2&cp=56.443694~-4.566276&lvl=13&dir=0&sty=s&form=LMLTCC
C093,Cul Mor,,big back,,849,NC 162 119,http://www.bing.com/maps/?v=2&cp=58.057976~-5.116802&lvl=13&dir=0&sty=s&form=LMLTCC
C094,Sgurr Ghiubhsachain,,peak of the fir-wood,,849,NM 876 751,http://www.bing.com/maps/?v=2&cp=56.818732~-5.481894&lvl=13&dir=0&sty=s&form=LMLTCC
C095,Ben Donich,,brown hill,,847,NN 218 043,http://www.bing.com/maps/?v=2&cp=56.197851~-4.873894&lvl=13&dir=0&sty=s&form=LMLTCC
C096,Canisp,,white hill,,847,NC 203 187,http://www.bing.com/maps/?v=2&cp=58.120645~-5.052637&lvl=13&dir=0&sty=s&form=LMLTCC
C097,Beinn Resipol,,from old Norse for homestead,,845,NM 766 655,http://www.bing.com/maps/?v=2&cp=56.727513~-5.653345&lvl=13&dir=0&sty=s&form=LMLTCC
C098,Carn Ban,,white cairn,,845,NH 339 876,http://www.bing.com/maps/?v=2&cp=57.846963~-4.800197&lvl=13&dir=0&sty=s&form=LMLTCC
C099,Merrick,,none,,843,NX 428 855,http://www.bing.com/maps/?v=2&cp=55.138831~-4.46771&lvl=13&dir=0&sty=s&form=LMLTCC
C100,Beinn Mholach,,shaggy mountain,,841,NN 587 655,http://www.bing.com/maps/?v=2&cp=56.759615~-4.312924&lvl=13&dir=0&sty=s&form=LMLTCC
C101,Ben Vrackie,,speckled hill,,841,NN 951 632,http://www.bing.com/maps/?v=2&cp=56.748583~-3.716926&lvl=13&dir=0&sty=s&form=LMLTCC
C102,Sgurr an Airgid,,peak of silver,,841,NG 940 227,http://www.bing.com/maps/?v=2&cp=57.248458~-5.416226&lvl=13&dir=0&sty=s&form=LMLTCC
C103,Beinn Trilleachan,,hill of the sandpipers,,840,NN 086 439,http://www.bing.com/maps/?v=2&cp=56.547977~-5.115197&lvl=13&dir=0&sty=s&form=LMLTCC
C104,Beinn Udlaidh,,dark (or gloomy) hill,,840,NN 280 333,http://www.bing.com/maps/?v=2&cp=56.460365~-4.793051&lvl=13&dir=0&sty=s&form=LMLTCC
C105,Ben Rinnes,,headland hill,,840,NJ 255 355,http://www.bing.com/maps/?v=2&cp=57.403765~-3.241491&lvl=13&dir=0&sty=s&form=LMLTCC
C106,Broad Law,,none,,840,NT 146 235,http://www.bing.com/maps/?v=2&cp=55.497794~-3.353379&lvl=13&dir=0&sty=s&form=LMLTCC
C107,Meallan nan Uan,,little hill of the lambs,,840,NH 264 545,http://www.bing.com/maps/?v=2&cp=57.547187~-4.902511&lvl=13&dir=0&sty=s&form=LMLTCC
C108,Sgurr Gaorsaic,,peak of thrill (or horror),,839,NH 036 219,http://www.bing.com/maps/?v=2&cp=57.245506~-5.256767&lvl=13&dir=0&sty=s&form=LMLTCC
C109,Carn Chuinneag,,hill of the churn (bucket),,838,NH 484 833,http://www.bing.com/maps/?v=2&cp=57.813532~-4.553454&lvl=13&dir=0&sty=s&form=LMLTCC
C110,Meall na h-Eilde,,hill of the hinds,,838,NN 185 946,http://www.bing.com/maps/?v=2&cp=57.006759~-4.990392&lvl=13&dir=0&sty=s&form=LMLTCC
C111,Sron a'Choire Chnapanich,,nose of the lumpy corrie,,837,NN 456 453,http://www.bing.com/maps/?v=2&cp=56.574164~-4.514869&lvl=13&dir=0&sty=s&form=LMLTCC
C112,Sgurr Cos na Breachd-laoigh,,peak of the cave of the bonny calf,,835,NM 948 947,http://www.bing.com/maps/?v=2&cp=56.997734~-5.380015&lvl=13&dir=0&sty=s&form=LMLTCC
C113,Carn Dearg (East of Glen Roy),,red cairn,,834,NN 345 887,http://www.bing.com/maps/?v=2&cp=56.959831~-4.723404&lvl=13&dir=0&sty=s&form=LMLTCC
C114,Creag nan Gabhar,,hill of the goats,,834,NO 154 841,http://www.bing.com/maps/?v=2&cp=56.94041~-3.392059&lvl=13&dir=0&sty=s&form=LMLTCC
C115,Beinn Dearg (Glen Lyon),,red hill,,830,NN 609 497,http://www.bing.com/maps/?v=2&cp=56.618447~-4.268421&lvl=13&dir=0&sty=s&form=LMLTCC
C116,Brown Cow Hill,,none,,829,NJ 221 044,http://www.bing.com/maps/?v=2&cp=57.1239~-3.288269&lvl=13&dir=0&sty=s&form=LMLTCC
C117,Carn Mor (Glen Dessarry),,big cairn,,829,NM 903 909,http://www.bing.com/maps/?v=2&cp=56.961638~-5.450795&lvl=13&dir=0&sty=s&form=LMLTCC
C118,An Dun,,the fort,,827,NN 716 802,http://www.bing.com/maps/?v=2&cp=56.895317~-4.109492&lvl=13&dir=0&sty=s&form=LMLTCC
C119,Beinn Tarsuinn (Arran),,transverse hill,,826,NR 959 412,http://www.bing.com/maps/?v=2&cp=55.621433~-5.243005&lvl=13&dir=0&sty=s&form=LMLTCC
C120,Geal-charn Mor,,big white hill,,824,NH 837 124,http://www.bing.com/maps/?v=2&cp=57.187607~-3.925893&lvl=13&dir=0&sty=s&form=LMLTCC
C121,White Coomb,,none,,822,NT 163 151,http://www.bing.com/maps/?v=2&cp=55.42263~-3.323947&lvl=13&dir=0&sty=s&form=LMLTCC
C122,Benvane,,white hill,,821,NN 535 137,http://www.bing.com/maps/?v=2&cp=56.293046~-4.368691&lvl=13&dir=0&sty=s&form=LMLTCC
C123,Geal Charn (Dorback),,white hill,,821,NJ 090 127,http://www.bing.com/maps/?v=2&cp=57.196024~-3.507586&lvl=13&dir=0&sty=s&form=LMLTCC
C124,Beinn Dearg Bheag,,little red hill,,820,NH 020 811,http://www.bing.com/maps/?v=2&cp=57.775693~-5.33132&lvl=13&dir=0&sty=s&form=LMLTCC
C125,Beinn Chaorach,,sheep hill,,818,NN 359 328,http://www.bing.com/maps/?v=2&cp=56.458695~-4.664685&lvl=13&dir=0&sty=s&form=LMLTCC
C126,Carn na Drochaide,,hill of the bridge,,818,NO 127 938,http://www.bing.com/maps/?v=2&cp=57.027018~-3.439778&lvl=13&dir=0&sty=s&form=LMLTCC
C127,Sgorr na Diollaid,,peak of the saddle,,818,NH 282 362,http://www.bing.com/maps/?v=2&cp=57.3837~-4.859616&lvl=13&dir=0&sty=s&form=LMLTCC
C128,Binnein an Fhidhleir,,peak of the craggy corrie (Fiddler's Peak),,817,NN 230 109,http://www.bing.com/maps/?v=2&cp=56.257521~-4.85899&lvl=13&dir=0&sty=s&form=LMLTCC
C129,Carn a'Chuilinn,,cairn of holly,,817,NH 416 034,http://www.bing.com/maps/?v=2&cp=57.094233~-4.616037&lvl=13&dir=0&sty=s&form=LMLTCC
C130,Carn Dearg (North of Gleann Eachach),,red cairn,,817,NN 349 967,http://www.bing.com/maps/?v=2&cp=57.031759~-4.722074&lvl=13&dir=0&sty=s&form=LMLTCC
C131,Breabag,,little back,,815,NC 287 158,http://www.bing.com/maps/?v=2&cp=58.097964~-4.908117&lvl=13&dir=0&sty=s&form=LMLTCC
C132,An Sidhean,,the fairy hill,,814,NH 171 454,http://www.bing.com/maps/?v=2&cp=57.461898~-5.050844&lvl=13&dir=0&sty=s&form=LMLTCC
C133,An Stac,,the stack,,814,NM 763 793,http://www.bing.com/maps/?v=2&cp=56.851089~-5.670317&lvl=13&dir=0&sty=s&form=LMLTCC
C134,Corserine,,none,,814,NX 497 871,http://www.bing.com/maps/?v=2&cp=55.155339~-4.360416&lvl=13&dir=0&sty=s&form=LMLTCC
C135,Beinn Each,,horse hill,,813,NN 602 158,http://www.bing.com/maps/?v=2&cp=56.313921~-4.261646&lvl=13&dir=0&sty=s&form=LMLTCC
C136,Sgor Mor,,big peak,,813,NO 006 914,http://www.bing.com/maps/?v=2&cp=57.003017~-3.638074&lvl=13&dir=0&sty=s&form=LMLTCC
C137,Askival,,hill of ash trees,,812,NM 393 952,http://www.bing.com/maps/?v=2&cp=56.974244~-6.291675&lvl=13&dir=0&sty=s&form=LMLTCC
C138,Carn na Saobhaidhe,,cairn of the den (fox lair),,811,NH 600 145,http://www.bing.com/maps/?v=2&cp=57.199831~-4.318871&lvl=13&dir=0&sty=s&form=LMLTCC
C139,Creach Bheinn (Loch Creran),,bare (or windswept) hill,,810,NN 024 422,http://www.bing.com/maps/?v=2&cp=56.530162~-5.214585&lvl=13&dir=0&sty=s&form=LMLTCC
C140,Meall a'Bhuachaille,,shepherd's hill,,810,NH 991 115,http://www.bing.com/maps/?v=2&cp=57.183175~-3.670858&lvl=13&dir=0&sty=s&form=LMLTCC
C141,Creag MacRanaich,,MacRainich's crag,,809,NN 546 256,http://www.bing.com/maps/?v=2&cp=56.400206~-4.357518&lvl=13&dir=0&sty=s&form=LMLTCC
C142,Meall na Fearna,,alder hill,,809,NN 651 186,http://www.bing.com/maps/?v=2&cp=56.340479~-4.183933&lvl=13&dir=0&sty=s&form=LMLTCC
C143,Sgurr Innse,,peak of the meadow,,809,NN 290 748,http://www.bing.com/maps/?v=2&cp=56.833112~-4.804367&lvl=13&dir=0&sty=s&form=LMLTCC
C144,Garbh-bheinn (Red Cuillin),,rough hill,,808,NG 531 232,http://www.bing.com/maps/?v=2&cp=57.232707~-6.092862&lvl=13&dir=0&sty=s&form=LMLTCC
C145,Hart Fell,,none,,808,NT 114 136,http://www.bing.com/maps/?v=2&cp=55.408294~-3.40086&lvl=13&dir=0&sty=s&form=LMLTCC
C146,Quinag - Sail Gharbh,,rough heel or milk bucket or water stoup,,808,NC 209 292,http://www.bing.com/maps/?v=2&cp=58.215061~-5.050526&lvl=13&dir=0&sty=s&form=LMLTCC
C147,Creag Rainich,,bracken crag,,807,NH 097 751,http://www.bing.com/maps/?v=2&cp=57.725219~-5.19731&lvl=13&dir=0&sty=s&form=LMLTCC
C148,Monamenach,,middle hill,,807,NO 176 707,http://www.bing.com/maps/?v=2&cp=56.820464~-3.351561&lvl=13&dir=0&sty=s&form=LMLTCC
C149,Beinn nam Fuaran,,hill of the well,,806,NN 361 382,http://www.bing.com/maps/?v=2&cp=56.507226~-4.66484&lvl=13&dir=0&sty=s&form=LMLTCC
C150,Ben Gulabin,,hill of the curlew (whimbrel) or hill of the beak,,806,NO 101 722,http://www.bing.com/maps/?v=2&cp=56.832544~-3.474917&lvl=13&dir=0&sty=s&form=LMLTCC
C151,Meall nan Subh,,hill of the soo (raspberry),,806,NN 461 397,http://www.bing.com/maps/?v=2&cp=56.524067~-4.503417&lvl=13&dir=0&sty=s&form=LMLTCC
C152,Beinn Iaruinn,,iron hill,,805,NN 296 900,http://www.bing.com/maps/?v=2&cp=56.969716~-4.804758&lvl=13&dir=0&sty=s&form=LMLTCC
C153,Beinn na h-Eaglaise,,hill of the church,,804,NG 854 120,http://www.bing.com/maps/?v=2&cp=57.148574~-5.549244&lvl=13&dir=0&sty=s&form=LMLTCC
C154,Carn Mor (Glenlivet),,big cairn,,804,NJ 265 183,http://www.bing.com/maps/?v=2&cp=57.24946~-3.219723&lvl=13&dir=0&sty=s&form=LMLTCC
C155,Geal Charn (Arkaig),,white cairn,,804,NN 156 943,http://www.bing.com/maps/?v=2&cp=57.002919~-5.037852&lvl=13&dir=0&sty=s&form=LMLTCC
C156,Beinn Bhreac-liath,,speckled grey hill,,803,NN 304 339,http://www.bing.com/maps/?v=2&cp=56.466619~-4.754541&lvl=13&dir=0&sty=s&form=LMLTCC
C157,Meall an Dobharchain/The Sow of Atholl,,none,,803,NN 624 741,http://www.bing.com/maps/?v=2&cp=56.837921~-4.257092&lvl=13&dir=0&sty=s&form=LMLTCC
C158,Meallan Liath Coire Mhic Dhughaill,,grey hill of MacDougall's corrie,,801,NC 357 392,http://www.bing.com/maps/?v=2&cp=58.310534~-4.806033&lvl=13&dir=0&sty=s&form=LMLTCC
C159,Cranstackie,,rugged hill,,800,NC 351 556,http://www.bing.com/maps/?v=2&cp=58.457423~-4.82802&lvl=13&dir=0&sty=s&form=LMLTCC
C160,Cir Mhor,,big comb,,799,NR 973 432,http://www.bing.com/maps/?v=2&cp=55.639961~-5.222284&lvl=13&dir=0&sty=s&form=LMLTCC
C161,Clisham,,none,,799,NB 155 073,http://www.bing.com/maps/?v=2&cp=57.96371~-6.812274&lvl=13&dir=0&sty=s&form=LMLTCC
C162,Am Bathach,,the byre,,798,NH 073 144,http://www.bing.com/maps/?v=2&cp=57.179812~-5.189738&lvl=13&dir=0&sty=s&form=LMLTCC
C163,Beinn Dronaig,,hill of the knoll or ragged hill,,797,NH 037 382,http://www.bing.com/maps/?v=2&cp=57.39173~-5.268073&lvl=13&dir=0&sty=s&form=LMLTCC
C164,Cairnsmore of Carsphairn,,none,,797,NX 594 980,http://www.bing.com/maps/?v=2&cp=55.256064~-4.213737&lvl=13&dir=0&sty=s&form=LMLTCC
C165,Beinn Bhan (Arkaig),,white hill,,796,NN 140 857,http://www.bing.com/maps/?v=2&cp=56.925131~-5.057822&lvl=13&dir=0&sty=s&form=LMLTCC
C166,Beinn Mhic-Mhonaidh,,hill of the son of the moor,,796,NN 209 350,http://www.bing.com/maps/?v=2&cp=56.472974~-4.909282&lvl=13&dir=0&sty=s&form=LMLTCC
C167,Mam na Gualainn,,pass of the shoulder,,796,NN 115 625,http://www.bing.com/maps/?v=2&cp=56.716007~-5.081682&lvl=13&dir=0&sty=s&form=LMLTCC
C168,Sgurr an Utha,,peak of the udder,,796,NM 885 839,http://www.bing.com/maps/?v=2&cp=56.898052~-5.474493&lvl=13&dir=0&sty=s&form=LMLTCC
C169,Sgurr Coire Choinnichean,,peak of the mossy corrie,,796,NG 791 011,http://www.bing.com/maps/?v=2&cp=57.04787~-5.643542&lvl=13&dir=0&sty=s&form=LMLTCC
C170,Beinn Leoid,,sloping hill,,792,NC 320 295,http://www.bing.com/maps/?v=2&cp=58.222123~-4.862066&lvl=13&dir=0&sty=s&form=LMLTCC
C171,Carn Ealasaid,,Elizabeth's hill,,792,NJ 228 118,http://www.bing.com/maps/?v=2&cp=57.190476~-3.279003&lvl=13&dir=0&sty=s&form=LMLTCC
C172,Glas Bheinn (Kinlochleven),,grey hill,,792,NN 259 641,http://www.bing.com/maps/?v=2&cp=56.735956~-4.847817&lvl=13&dir=0&sty=s&form=LMLTCC
C173,Sgurr a' Chaorachain,,peak of the little field of berries,,792,NG 797 417,http://www.bing.com/maps/?v=2&cp=57.412122~-5.66969&lvl=13&dir=0&sty=s&form=LMLTCC
C174,Beinn Airigh Charr,,hill of the rough shieling,,791,NG 930 762,http://www.bing.com/maps/?v=2&cp=57.727698~-5.478128&lvl=13&dir=0&sty=s&form=LMLTCC
C175,Beinn Loinne - Druim nan Cnamh,,bony ridge,,790,NH 131 077,http://www.bing.com/maps/?v=2&cp=57.122113~-5.088925&lvl=13&dir=0&sty=s&form=LMLTCC
C176,Auchnafree Hill,,hill of the deer forest field,,789,NN 809 308,http://www.bing.com/maps/?v=2&cp=56.454262~-3.934052&lvl=13&dir=0&sty=s&form=LMLTCC
C177,Meall Dubh,,black hill,,789,NH 245 078,http://www.bing.com/maps/?v=2&cp=57.127504~-4.900969&lvl=13&dir=0&sty=s&form=LMLTCC
C178,Arkle,,hill of the level top,,787,NC 303 462,http://www.bing.com/maps/?v=2&cp=58.371269~-4.903219&lvl=13&dir=0&sty=s&form=LMLTCC
C179,Beinn a' Chaisteil (Strath Vaich),,castle hill,,787,NH 370 801,http://www.bing.com/maps/?v=2&cp=57.780816~-4.742919&lvl=13&dir=0&sty=s&form=LMLTCC
C180,Meall Tairneachan,,none,,787,NN 807 544,http://www.bing.com/maps/?v=2&cp=56.666109~-3.948158&lvl=13&dir=0&sty=s&form=LMLTCC
C181,The Brack,,possibly speckled hill,,787,NN 246 031,http://www.bing.com/maps/?v=2&cp=56.188123~-4.828032&lvl=13&dir=0&sty=s&form=LMLTCC
C182,Carn na Nathrach,,cairn of the adders,,786,NM 887 699,http://www.bing.com/maps/?v=2&cp=56.772604~-5.459606&lvl=13&dir=0&sty=s&form=LMLTCC
C183,Beinn an Oir,,hill of gold,,785,NR 498 749,http://www.bing.com/maps/?v=2&cp=55.901981~-6.004229&lvl=13&dir=0&sty=s&form=LMLTCC
C184,Beinn na Caillich,,hill of the old woman,,785,NG 796 067,http://www.bing.com/maps/?v=2&cp=57.098314~-5.640237&lvl=13&dir=0&sty=s&form=LMLTCC
C185,Beinn Mhic Cedidh,,MacCedidh's hill,,783,NM 829 788,http://www.bing.com/maps/?v=2&cp=56.849737~-5.561891&lvl=13&dir=0&sty=s&form=LMLTCC
C186,Farragon Hill,,none,,783,NN 840 553,http://www.bing.com/maps/?v=2&cp=56.67502~-3.894754&lvl=13&dir=0&sty=s&form=LMLTCC
C187,Sgurr Dubh,,black peak,,782,NG 979 558,http://www.bing.com/maps/?v=2&cp=57.54701~-5.378948&lvl=13&dir=0&sty=s&form=LMLTCC
C188,Ainshval,,posible hill of strongholds,,781,NM 379 944,http://www.bing.com/maps/?v=2&cp=56.966287~-6.313809&lvl=13&dir=0&sty=s&form=LMLTCC
C189,Corryhabbie Hill,,none,,781,NJ 281 289,http://www.bing.com/maps/?v=2&cp=57.344912~-3.196301&lvl=13&dir=0&sty=s&form=LMLTCC
C190,Sgurr Mhic Bharraich,,peak of the son of Maurice,,781,NG 917 174,http://www.bing.com/maps/?v=2&cp=57.199894~-5.449828&lvl=13&dir=0&sty=s&form=LMLTCC
C191,Meall nam Maigheach,,hill of the hare,,780,NN 586 436,http://www.bing.com/maps/?v=2&cp=56.563002~-4.302535&lvl=13&dir=0&sty=s&form=LMLTCC
C192,Beinn Bheula,,hill of the ford,,779,NS 154 983,http://www.bing.com/maps/?v=2&cp=56.141578~-4.972732&lvl=13&dir=0&sty=s&form=LMLTCC
C193,Mount Battock,,none,,778,NO 549 844,http://www.bing.com/maps/?v=2&cp=56.948647~-2.743004&lvl=13&dir=0&sty=s&form=LMLTCC
C194,Meall Horn,,hill of the eagle,,777,NC 353 449,http://www.bing.com/maps/?v=2&cp=58.361516~-4.81692&lvl=13&dir=0&sty=s&form=LMLTCC
C195,Glas Bheinn (Assynt),,grey hill,,776,NC 255 265,http://www.bing.com/maps/?v=2&cp=58.192689~-4.970318&lvl=13&dir=0&sty=s&form=LMLTCC
C196,Quinag - Sail Gorm,,blue heel or milk bucket or water stoup,,776,NC 198 304,http://www.bing.com/maps/?v=2&cp=58.225375~-5.07015&lvl=13&dir=0&sty=s&form=LMLTCC
C197,Glamaig - Sgurr Mhairi,,greedy woman,,775,NG 514 300,http://www.bing.com/maps/?v=2&cp=57.292712~-6.127769&lvl=13&dir=0&sty=s&form=LMLTCC
C198,Meall na Leitreach,,hill of slopes,,775,NN 639 703,http://www.bing.com/maps/?v=2&cp=56.804252~-4.230496&lvl=13&dir=0&sty=s&form=LMLTCC
C199,Sgorr Craobh a'Chaorainn,,rowantree peak,,775,NM 895 758,http://www.bing.com/maps/?v=2&cp=56.825873~-5.451403&lvl=13&dir=0&sty=s&form=LMLTCC
C200,Shalloch on Minnoch,,none,,775,NX 407 906,http://www.bing.com/maps/?v=2&cp=55.183945~-4.503489&lvl=13&dir=0&sty=s&form=LMLTCC
C201,Meall a'Phubuill,,hill of the tent,,774,NN 029 854,http://www.bing.com/maps/?v=2&cp=56.91785~-5.239653&lvl=13&dir=0&sty=s&form=LMLTCC
C202,Beinn nan Caorach,,hill of the rowan berries,,773,NG 871 122,http://www.bing.com/maps/?v=2&cp=57.151158~-5.521372&lvl=13&dir=0&sty=s&form=LMLTCC
C203,Beinn Spionnaidh,,hill of strength,,772,NC 362 573,http://www.bing.com/maps/?v=2&cp=58.473086~-4.81041&lvl=13&dir=0&sty=s&form=LMLTCC
C204,Meall Lighiche,,doctor's hill,,772,NN 094 528,http://www.bing.com/maps/?v=2&cp=56.628141~-5.108758&lvl=13&dir=0&sty=s&form=LMLTCC
C205,Ceann na Baintighearna,,surveyor's peak,,771,NN 474 163,http://www.bing.com/maps/?v=2&cp=56.31446~-4.468657&lvl=13&dir=0&sty=s&form=LMLTCC
C206,Stob Coire a'Chearcaill,,peak of the circular corrie,,771,NN 017 727,http://www.bing.com/maps/?v=2&cp=56.803433~-5.24943&lvl=13&dir=0&sty=s&form=LMLTCC
C207,Beinn a'Choin,,hill of the dog,,770,NN 354 130,http://www.bing.com/maps/?v=2&cp=56.280828~-4.660371&lvl=13&dir=0&sty=s&form=LMLTCC
C208,Druim Tarsuinn,,peak of the pass of screes (transverse ridge),,770,NM 875 727,http://www.bing.com/maps/?v=2&cp=56.797166~-5.481531&lvl=13&dir=0&sty=s&form=LMLTCC
C209,Cul Beag,,small back,,769,NC 140 088,http://www.bing.com/maps/?v=2&cp=58.029258~-5.151573&lvl=13&dir=0&sty=s&form=LMLTCC
C210,Meallach Mhor,,big hump,,769,NN 777 909,http://www.bing.com/maps/?v=2&cp=56.993029~-4.014599&lvl=13&dir=0&sty=s&form=LMLTCC
C211,Beinn Liath Mhor a'Ghiubhais Li,,big grey hill of the coloured pines,,768,NH 281 713,http://www.bing.com/maps/?v=2&cp=57.698549~-4.886082&lvl=13&dir=0&sty=s&form=LMLTCC
C212,Carn Dearg (South of Gleann Eachach),,red cairn,,768,NN 357 948,http://www.bing.com/maps/?v=2&cp=57.014996~-4.707668&lvl=13&dir=0&sty=s&form=LMLTCC
C213,Sail Mhor,,big heel,,767,NH 033 887,http://www.bing.com/maps/?v=2&cp=57.844415~-5.315755&lvl=13&dir=0&sty=s&form=LMLTCC
C214,Dun da Ghaoithe,,fort of the two winds,,766,NM 672 362,http://www.bing.com/maps/?v=2&cp=56.460272~-5.780272&lvl=13&dir=0&sty=s&form=LMLTCC
C215,Fuar Bheinn,,cold hill,,766,NM 853 564,http://www.bing.com/maps/?v=2&cp=56.649999~-5.503845&lvl=13&dir=0&sty=s&form=LMLTCC
C216,Braigh nan Uamhachan,,slope of the caves,,765,NM 975 867,http://www.bing.com/maps/?v=2&cp=56.92718~-5.329237&lvl=13&dir=0&sty=s&form=LMLTCC
C217,Ben Loyal - An Caisteal,,elm tree hill,,764,NC 578 489,http://www.bing.com/maps/?v=2&cp=58.405288~-4.435232&lvl=13&dir=0&sty=s&form=LMLTCC
C218,Little Wyvis,,little awesome hill,,764,NH 429 645,http://www.bing.com/maps/?v=2&cp=57.64295~-4.633628&lvl=13&dir=0&sty=s&form=LMLTCC
C219,Meall an Fhudair,,gunpowder hill,,764,NN 271 192,http://www.bing.com/maps/?v=2&cp=56.333512~-4.798333&lvl=13&dir=0&sty=s&form=LMLTCC
C220,Quinag - Spidean Coinich,,mossy peak or milk bucket or water stoup,,764,NC 205 278,http://www.bing.com/maps/?v=2&cp=58.202342~-5.056244&lvl=13&dir=0&sty=s&form=LMLTCC
C221,Beinn na h-Uamha,,hill of the caves,,762,NM 918 665,http://www.bing.com/maps/?v=2&cp=56.74351~-5.406211&lvl=13&dir=0&sty=s&form=LMLTCC
