M216,Beinn Bhuidhe,,Yellow hill,01:01 Loch Fyne to Loch Tay,948,NN 203 187,http://www.bing.com/maps/?v=2&cp=56.326494~-4.907828&lvl=13&dir=0&sty=s&form=LMLTCC,
M184,Ben Lomond,,Beacon hill,01:02 Loch Fyne to Loch Tay,974,NN 367 028,http://www.bing.com/maps/?v=2&cp=56.189734~-4.633106&lvl=13&dir=0&sty=s&form=LMLTCC,
M259,Beinn Narnain,,Unknown,01:03 Loch Fyne to Loch Tay,926,NN 271 066,http://www.bing.com/maps/?v=2&cp=56.220445~-4.790082&lvl=13&dir=0&sty=s&form=LMLTCC,M118;
M118,Ben Ime,,Butter hill,01:04 Loch Fyne to Loch Tay,1011,NN 255 084,http://www.bing.com/maps/?v=2&cp=56.236013~-4.817037&lvl=13&dir=0&sty=s&form=LMLTCC,M259;
M281,Ben Vane,,Forge hill,01:05 Loch Fyne to Loch Tay,916,NN 361 859,http://www.bing.com/maps/?v=2&cp=56.935276~-4.695309&lvl=13&dir=0&sty=s&form=LMLTCC,
M229,Ben Vorlich (Loch Lomond),,Hill of the bay,01:06 Loch Fyne to Loch Tay,943,NN 295 124,http://www.bing.com/maps/?v=2&cp=56.27336~-4.755164&lvl=13&dir=0&sty=s&form=LMLTCC,MT184;
M244,Beinn Chabhair,,Possibly hill of the hawk,01:07 Loch Fyne to Loch Tay,933,NN 367 179,http://www.bing.com/maps/?v=2&cp=56.325253~-4.642434&lvl=13&dir=0&sty=s&form=LMLTCC,
M147,An Caisteal,,The castle,01:08 Loch Fyne to Loch Tay,995,NN 378 193,http://www.bing.com/maps/?v=2&cp=56.338195~-4.625529&lvl=13&dir=0&sty=s&form=LMLTCC,M231;
M231,Beinn a' Chroin,,Hill of harm or danger,01:09 Loch Fyne to Loch Tay,942,NN 387 185,http://www.bing.com/maps/?v=2&cp=56.33207~-4.60967&lvl=13&dir=0&sty=s&form=LMLTCC,M118;M147;
M087,Cruach Ardrain,,Stack of the high part,01:10 Loch Fyne to Loch Tay,1046,NN 409 212,http://www.bing.com/maps/?v=2&cp=56.3563~-4.576588&lvl=13&dir=0&sty=s&form=LMLTCC,MT142;M220;
M220,Beinn Tulaichean,,Hill of the hillocks,01:11 Loch Fyne to Loch Tay,946,NN 416 196,http://www.bing.com/maps/?v=2&cp=56.342175~-4.564307&lvl=13&dir=0&sty=s&form=LMLTCC,M087;
M016,Ben More (Crianlarich)),,Big hill,01:12 Loch Fyne to Loch Tay,1174,NN 432 244,http://www.bing.com/maps/?v=2&cp=56.385789~-4.541317&lvl=13&dir=0&sty=s&form=LMLTCC,M018;
M018,Stob Binnein,,Gaelic binnein -  meaning peak,01:13 Loch Fyne to Loch Tay,1165,NN 434 227,http://www.bing.com/maps/?v=2&cp=56.370597~-4.537066&lvl=13&dir=0&sty=s&form=LMLTCC,MT129;MT039;M016;
M028,Ben Lui,Beinn Laoigh,Calf hill,01:14 Loch Fyne to Loch Tay,1130,NN 266 263,http://www.bing.com/maps/?v=2&cp=56.39704~-4.811099&lvl=13&dir=0&sty=s&form=LMLTCC,M280;
M280,Beinn a' Chleibh,,Hill of the creel or chest,01:15 Loch Fyne to Loch Tay,916,NN 250 256,http://www.bing.com/maps/?v=2&cp=56.390169~-4.83652&lvl=13&dir=0&sty=s&form=LMLTCC,M028;
M175,Beinn Dubhchraig,,Black-rock hill,01:16 Loch Fyne to Loch Tay,978,NN 307 254,http://www.bing.com/maps/?v=2&cp=56.390451~-4.744175&lvl=13&dir=0&sty=s&form=LMLTCC,M101;
M101,Ben Oss,,Loch-outlet hill,01:17 Loch Fyne to Loch Tay,1029,NN 287 253,http://www.bing.com/maps/?v=2&cp=56.388832~-4.776466&lvl=13&dir=0&sty=s&form=LMLTCC,M175;
M250,Ben Chonzie,Ben-y-Hone,Probably mossy hill,01:18 Loch Fyne to Loch Tay,931,NN 773 308,http://www.bing.com/maps/?v=2&cp=56.453338~-3.992424&lvl=13&dir=0&sty=s&form=LMLTCC,
M165,Ben Vorlich (Loch Earn),,Hill of the bay,01:19 Loch Fyne to Loch Tay,985,NN 629 189,http://www.bing.com/maps/?v=2&cp=56.34254~-4.21965&lvl=13&dir=0&sty=s&form=LMLTCC,M182;
M182,Stuc a' Chroin,,Peak of harm or danger,01:20 Loch Fyne to Loch Tay,975,NN 617 174,http://www.bing.com/maps/?v=2&cp=56.328725~-4.238258&lvl=13&dir=0&sty=s&form=LMLTCC,M165;
M059,Schiehallion,,The fairly hill of the Caledonians,02:01 Loch Tay to Rannoch Moor,1083,NN 713 547,http://www.bing.com/maps/?v=2&cp=56.666309~-4.10157&lvl=13&dir=0&sty=s&form=LMLTCC,
M103,Carn Gorm,,Blue hill,02:02 Loch Tay to Rannoch Moor,1029,NN 635 500,http://www.bing.com/maps/?v=2&cp=56.621905~-4.226246&lvl=13&dir=0&sty=s&form=LMLTCC,MT199;M186;M091;M169;
M186,Meall Garbh (Glen Lyon),,Rough hill,02:03 Loch Tay to Rannoch Moor,968,NN 647 517,http://www.bing.com/maps/?v=2&cp=56.637514~-4.207597&lvl=13&dir=0&sty=s&form=LMLTCC,M103;M091;M169;
M091,Carn Mairg,,Hill of sorrow,02:04 Loch Tay to Rannoch Moor,1041,NN 684 512,http://www.bing.com/maps/?v=2&cp=56.634081~-4.147064&lvl=13&dir=0&sty=s&form=LMLTCC,MT078;MT072;M103;M186;M169;
M169,Meall nan Aighean,,Big rock,02:05 Loch Tay to Rannoch Moor,981,NN 694 496,http://www.bing.com/maps/?v=2&cp=56.619997~-4.129964&lvl=13&dir=0&sty=s&form=LMLTCC,M103;M186;M091;
M047,Beinn Ghlas,,Greenish-grey hill,02:06 Loch Tay to Rannoch Moor,1103,NN 625 404,http://www.bing.com/maps/?v=2&cp=56.535434~-4.237431&lvl=13&dir=0&sty=s&form=LMLTCC,M010;
M010,Ben Lawers,,Gaelic labhar -  meaning loud (from a stream),02:07 Loch Tay to Rannoch Moor,1214,NN 635 414,http://www.bing.com/maps/?v=2&cp=56.544702~-4.221711&lvl=13&dir=0&sty=s&form=LMLTCC,MT049;M047;
M068,Meall Corranaich,,Notched and prickly hill,02:08 Loch Tay to Rannoch Moor,1069,NN 615 410,http://www.bing.com/maps/?v=2&cp=56.540526~-4.253998&lvl=13&dir=0&sty=s&form=LMLTCC,M261;
M261,Meall a Choire Leith,,Hill of the grey corrie,02:09 Loch Tay to Rannoch Moor,926,NN 612 439,http://www.bing.com/maps/?v=2&cp=56.566471~-4.260425&lvl=13&dir=0&sty=s&form=LMLTCC,M068;
M136,Meall Greigh,,Hill of horse studs,02:10 Loch Tay to Rannoch Moor,1001,NN 674 438,http://www.bing.com/maps/?v=2&cp=56.567366~-4.159558&lvl=13&dir=0&sty=s&form=LMLTCC,M035;M034;
M035,Meall Garbh (Ben Lawers),,Rough hill,02:11 Loch Tay to Rannoch Moor,1118,NN 644 436,http://www.bing.com/maps/?v=2&cp=56.564713~-4.208235&lvl=13&dir=0&sty=s&form=LMLTCC,M136;M034;
M034,An Stuc,Added 1997,the peak,02:12 Loch Tay to Rannoch Moor,1118,NN 639 431,http://www.bing.com/maps/?v=2&cp=56.56008~-4.216103&lvl=13&dir=0&sty=s&form=LMLTCC,M136;M035;
M089,Meall nan Tarmachan,,Hill of the ptarmigan,02:13 Loch Tay to Rannoch Moor,1044,NN 585 390,http://www.bing.com/maps/?v=2&cp=56.521679~-4.301653&lvl=13&dir=0&sty=s&form=LMLTCC,MT085;MT223;MT064;MT201;
M093,Meall Ghaordaidh,,Gaelic gairdean -  meaning a shoulder/arm/hand,02:14 Loch Tay to Rannoch Moor,1039,NN 514 397,http://www.bing.com/maps/?v=2&cp=56.525772~-4.417348&lvl=13&dir=0&sty=s&form=LMLTCC,
M197,Stuchd an Lochain,,Peak of the little loch,02:15 Loch Tay to Rannoch Moor,960,NN 483 448,http://www.bing.com/maps/?v=2&cp=56.570557~-4.470673&lvl=13&dir=0&sty=s&form=LMLTCC,MT194;
M248,Meall Buidhe (Glen Lyon),,Yellow hill,02:16 Loch Tay to Rannoch Moor,932,NN 498 499,http://www.bing.com/maps/?v=2&cp=56.616815~-4.449246&lvl=13&dir=0&sty=s&form=LMLTCC,
M084,Creag Mhor,,Big rock,02:17 Loch Tay to Rannoch Moor,1047,NN 391 361,http://www.bing.com/maps/?v=2&cp=56.489415~-4.614852&lvl=13&dir=0&sty=s&form=LMLTCC,M062;
M062,Beinn Heasgarnich,,Perhaps sheltering or peaceful hill,02:18 Loch Tay to Rannoch Moor,1078,NN 413 383,http://www.bing.com/maps/?v=2&cp=56.509906~-4.580504&lvl=13&dir=0&sty=s&form=LMLTCC,M084;
M199,Meall Glas,,Greenish-grey hill,02:19 Loch Tay to Rannoch Moor,959,NN 431 321,http://www.bing.com/maps/?v=2&cp=56.454864~-4.547553&lvl=13&dir=0&sty=s&form=LMLTCC,MT178;M270;
M270,Sgiath Chuil,,Back wing,02:20 Loch Tay to Rannoch Moor,921,NN 462 317,http://www.bing.com/maps/?v=2&cp=56.452296~-4.497069&lvl=13&dir=0&sty=s&form=LMLTCC,MT213;M199;
M106,Ben Challum,,Malcolm's hill,02:21 Loch Tay to Rannoch Moor,1025,NN 386 322,http://www.bing.com/maps/?v=2&cp=56.454243~-4.620549&lvl=13&dir=0&sty=s&form=LMLTCC,MT088;
M064,Beinn Dorain,,Gaelic dobhran -  hill of the streamlet,02:22 Loch Tay to Rannoch Moor,1076,NN 325 378,http://www.bing.com/maps/?v=2&cp=56.502368~-4.723005&lvl=13&dir=0&sty=s&form=LMLTCC,M129;
M129,Beinn an Dothaidh,,Hill of the scorching or singeing,02:23 Loch Tay to Rannoch Moor,1004,NN 331 408,http://www.bing.com/maps/?v=2&cp=56.529503~-4.715195&lvl=13&dir=0&sty=s&form=LMLTCC,M064;
M061,Beinn a' Chreachain,,Hill of the rock  or hill of the clamshell,02:24 Loch Tay to Rannoch Moor,1081,NN 373 440,http://www.bing.com/maps/?v=2&cp=56.559693~-4.648998&lvl=13&dir=0&sty=s&form=LMLTCC,MT108;M094;
M094,Beinn Achaladair,,From Celtic meaning the field of hard water,02:25 Loch Tay to Rannoch Moor,1038,NN 344 432,http://www.bing.com/maps/?v=2&cp=56.5515~-4.695616&lvl=13&dir=0&sty=s&form=LMLTCC,MT079;M061;
M211,Beinn Mhanach,,Monk hill,02:26 Loch Tay to Rannoch Moor,953,NN 373 411,http://www.bing.com/maps/?v=2&cp=56.533668~-4.64718&lvl=13&dir=0&sty=s&form=LMLTCC,MT203;
M172,Beinn a' Chochuill,,Hill of the hood or shell,03:01 Glen Orchy to Loch Leven,980,NN 109 328,http://www.bing.com/maps/?v=2&cp=56.449331~-5.069781&lvl=13&dir=0&sty=s&form=LMLTCC,M156;
M156,Beinn Eunaich,,Fowling hill,03:02 Glen Orchy to Loch Leven,989,NN 135 328,http://www.bing.com/maps/?v=2&cp=56.450366~-5.027662&lvl=13&dir=0&sty=s&form=LMLTCC,M172;
M031,Ben Cruachan,,Stacky hill,03:03 Glen Orchy to Loch Leven,1126,NN 069 304,http://www.bing.com/maps/?v=2&cp=56.42618~-5.1328&lvl=13&dir=0&sty=s&form=LMLTCC,MT074;MT025;MT215;
M143,Stob Diamh,,Peak of the stag,03:04 Glen Orchy to Loch Leven,998,NN 094 308,http://www.bing.com/maps/?v=2&cp=56.430785~-5.09262&lvl=13&dir=0&sty=s&form=LMLTCC,MT128;MT105;
M063,Ben Starav,,Unknown,03:05 Glen Orchy to Loch Leven,1078,NN 125 427,http://www.bing.com/maps/?v=2&cp=56.538785~-5.05099&lvl=13&dir=0&sty=s&form=LMLTCC,MT185;MT214;MT061;M145;
M145,Glas Bheinn Mhor,,Big greenish-grey hill,03:06 Glen Orchy to Loch Leven,997,NN 153 429,http://www.bing.com/maps/?v=2&cp=56.541688~-5.005666&lvl=13&dir=0&sty=s&form=LMLTCC,M063;
M196,Beinn nan Aighenan,,Hill of the hinds,03:07 Glen Orchy to Loch Leven,960,NN 148 405,http://www.bing.com/maps/?v=2&cp=56.519959~-5.012075&lvl=13&dir=0&sty=s&form=LMLTCC,
M090,Stob Coire 'an Albannaich,,Peak of the corrie of the Scotsmen,03:08 Glen Orchy to Loch Leven,1044,NN 169 443,http://www.bing.com/maps/?v=2&cp=56.554874~-4.980671&lvl=13&dir=0&sty=s&form=LMLTCC,M254;
M254,Meall nan Eun,,Hill of the birds,03:09 Glen Orchy to Loch Leven,928,NN 192 449,http://www.bing.com/maps/?v=2&cp=56.561149~-4.943724&lvl=13&dir=0&sty=s&form=LMLTCC,M090;
M226,Stob a' Choire Odhair,,Peak of the dun-coloured corrie,03:10 Glen Orchy to Loch Leven,945,NN 257 459,http://www.bing.com/maps/?v=2&cp=56.572579~-4.838773&lvl=13&dir=0&sty=s&form=LMLTCC,M055;
M055,Stob Ghabhar,,Goat peak,03:11 Glen Orchy to Loch Leven,1090,NN 230 455,http://www.bing.com/maps/?v=2&cp=56.56798~-4.882387&lvl=13&dir=0&sty=s&form=LMLTCC,MT097;MT169;M226;
M050,Creise,,Unknown,03:12 Glen Orchy to Loch Leven,1100,NN 238 506,http://www.bing.com/maps/?v=2&cp=56.614041~-4.872857&lvl=13&dir=0&sty=s&form=LMLTCC,MT027;MT089;M045;
M045,Meall a' Bhuiridh,,Hill of the bellowing (of stags),03:13 Glen Orchy to Loch Leven,1108,NN 250 503,http://www.bing.com/maps/?v=2&cp=56.611799~-4.853127&lvl=13&dir=0&sty=s&form=LMLTCC,M050;
M237,Beinn Sgulaird,,Unknown,03:14 Glen Orchy to Loch Leven,937,NN 053 460,http://www.bing.com/maps/?v=2&cp=56.565459~-5.170364&lvl=13&dir=0&sty=s&form=LMLTCC,
M198,Beinn Fhionnlaidh (Appin),,Finlay's hill,03:15 Glen Orchy to Loch Leven,959,NN 095 497,http://www.bing.com/maps/?v=2&cp=56.600373~-5.104845&lvl=13&dir=0&sty=s&form=LMLTCC,
M110,Buachaille Etive Mor,Stob Dearg,Big herdsman of Etive – red peak,03:16 Glen Orchy to Loch Leven,1021,NN 222 542,http://www.bing.com/maps/?v=2&cp=56.645736~-4.901372&lvl=13&dir=0&sty=s&form=LMLTCC,MT170;MT073;M207;
M207,Stob na Broige,Buachaille Etive Mor – SW – Added 1997,Peak of the shoe,03:17 Glen Orchy to Loch Leven,956,NN 190 525,http://www.bing.com/maps/?v=2&cp=56.629258~-4.952291&lvl=13&dir=0&sty=s&form=LMLTCC,M110;
M263,Stob Coire Raineach,Buachaille Etive Beag – NE – Added 1997,Ferny corrie peak,03:18 Glen Orchy to Loch Leven,925,NN 191 548,http://www.bing.com/maps/?v=2&cp=56.649932~-4.952276&lvl=13&dir=0&sty=s&form=LMLTCC,M201;
M201,Buachaille Etive Beag,Stob Dubh,Small herdsman of Etive -  black peak,03:19 Glen Orchy to Loch Leven,958,NN 179 535,http://www.bing.com/maps/?v=2&cp=56.637803~-4.970901&lvl=13&dir=0&sty=s&form=LMLTCC,M263;
M149,Sgor na h-Ulaidh,,Peak of the treasure,03:20 Glen Orchy to Loch Leven,994,NN 111 518,http://www.bing.com/maps/?v=2&cp=56.619859~-5.080359&lvl=13&dir=0&sty=s&form=LMLTCC,MT126;
M212,Meall Dearg,Aonach Eagach - East,Red hill,03:21 Glen Orchy to Loch Leven,953,NN 161 583,http://www.bing.com/maps/?v=2&cp=56.680162~-5.003632&lvl=13&dir=0&sty=s&form=LMLTCC,MT171;M162;M188;
M188,Sgorr nam Fiannaidh,Aonach Eagach - West,Peak of the Fian warriors,03:22 Glen Orchy to Loch Leven,967,NN 140 583,http://www.bing.com/maps/?v=2&cp=56.679331~-5.037859&lvl=13&dir=0&sty=s&form=LMLTCC,MT171;M212;
M023,Bidean nam Bian,,Peak of the mountains,03:23 Glen Orchy to Loch Leven,1150,NN 143 542,http://www.bing.com/maps/?v=2&cp=56.642669~-5.030014&lvl=13&dir=0&sty=s&form=LMLTCC,MT022;MT017;M065;
M065,Stob Coire Sgreamach,Added 1997,Peak of the dreadful corrie,03:24 Glen Orchy to Loch Leven,1072,NN 154 536,http://www.bing.com/maps/?v=2&cp=56.637721~-5.011674&lvl=13&dir=0&sty=s&form=LMLTCC,MT154;MT183;M023;
M107,Sgorr Dhearg,Beinn a'Bheithir - East,Red peak,03:25 Glen Orchy to Loch Leven,1024,NN 056 558,http://www.bing.com/maps/?v=2&cp=56.653489~-5.17286&lvl=13&dir=0&sty=s&form=LMLTCC,MT159;M137;
M137,Sgorr Dhonuill,Beinn a'Bheithir - West,Donald's peak,03:26 Glen Orchy to Loch Leven,1001,NN 040 555,http://www.bing.com/maps/?v=2&cp=56.650131~-5.198687&lvl=13&dir=0&sty=s&form=LMLTCC,M107;
M123,Sgurr Eilde Mor,,Big peak of the hind,04:01 Loch Linnie to Loch Ericht,1010,NN 230 657,http://www.bing.com/maps/?v=2&cp=56.74922~-4.896263&lvl=13&dir=0&sty=s&form=LMLTCC,
M230,Binnean Beag,,Small peak,04:02 Loch Linnie to Loch Ericht,943,NN 221 677,http://www.bing.com/maps/?v=2&cp=56.766821~-4.91235&lvl=13&dir=0&sty=s&form=LMLTCC,M027;
M027,Binnein Mor,,Big peak,04:03 Loch Linnie to Loch Ericht,1130,NN 212 663,http://www.bing.com/maps/?v=2&cp=56.753916~-4.926076&lvl=13&dir=0&sty=s&form=LMLTCC,MT145;MT041;M230;
M074,Na Gruagaichean,,The maidens,04:04 Loch Linnie to Loch Ericht,1056,NN 203 652,http://www.bing.com/maps/?v=2&cp=56.743701~-4.940003&lvl=13&dir=0&sty=s&form=LMLTCC,M171;M099;
M171,Stob Coire a' Chairn,,Peak of the corrie of the cairn,04:05 Loch Linnie to Loch Ericht,981,NN 185 660,http://www.bing.com/maps/?v=2&cp=56.750181~-4.969958&lvl=13&dir=0&sty=s&form=LMLTCC,M074;M099;
M099,Am Bodach,,The old man,04:06 Loch Linnie to Loch Ericht,1032,NN 176 650,http://www.bing.com/maps/?v=2&cp=56.740859~-4.983943&lvl=13&dir=0&sty=s&form=LMLTCC,M074;M171;
M166,An Gearanach,,The complainer,04:07 Loch Linnie to Loch Ericht,982,NN 187 669,http://www.bing.com/maps/?v=2&cp=56.758334~-4.967329&lvl=13&dir=0&sty=s&form=LMLTCC,MT113;
M051,Sgurr a' Mhaim,,Peak of the large rounded hill,04:08 Loch Linnie to Loch Ericht,1099,NN 164 667,http://www.bing.com/maps/?v=2&cp=56.755639~-5.004751&lvl=13&dir=0&sty=s&form=LMLTCC,MT080;MT096;
M236,Mullach nan Coirean,,Summit of the corries,04:09 Loch Linnie to Loch Ericht,939,NN 122 662,http://www.bing.com/maps/?v=2&cp=56.749481~-5.072973&lvl=13&dir=0&sty=s&form=LMLTCC,MT221;M140;
M140,Stob Ban (Mamores),,White peak,04:10 Loch Linnie to Loch Ericht,999,NN 147 654,http://www.bing.com/maps/?v=2&cp=56.743304~-5.031573&lvl=13&dir=0&sty=s&form=LMLTCC,M236;
M001,Ben Nevis,,Possibly from an old Gaelic word meaning venomous,04:11 Loch Linnie to Loch Ericht,1344,NN 166 712,http://www.bing.com/maps/?v=2&cp=56.796088~-5.004712&lvl=13&dir=0&sty=s&form=LMLTCC,MT002;MT066;M009;
M009,Carn Mor Dearg,,Big red hill,04:12 Loch Linnie to Loch Ericht,1220,NN 177 721,http://www.bing.com/maps/?v=2&cp=56.804595~-4.98737&lvl=13&dir=0&sty=s&form=LMLTCC,MT007;M001;
M007,Aonach Beag (Lochaber),,Little hill,04:13 Loch Linnie to Loch Ericht,1234,NN 196 715,http://www.bing.com/maps/?v=2&cp=56.799952~-4.955875&lvl=13&dir=0&sty=s&form=LMLTCC,MT130;MT026;M008;
M008,Aonach Mor,,Big hill,04:14 Loch Linnie to Loch Ericht,1221,NN 192 729,http://www.bing.com/maps/?v=2&cp=56.812357~-4.963407&lvl=13&dir=0&sty=s&form=LMLTCC,MT040;MT216;M007;
M052,Sgurr Choinnich Mor,,Big peak of the moss,04:15 Loch Linnie to Loch Ericht,1094,NN 227 714,http://www.bing.com/maps/?v=2&cp=56.800246~-4.905114&lvl=13&dir=0&sty=s&form=LMLTCC,MT131;
M015,Stob Choire Claurigh,,Gaelic clamhras -  meaning brawling or clamouring,04:16 Loch Linnie to Loch Ericht,1177,NN 262 738,http://www.bing.com/maps/?v=2&cp=56.823101~-4.849514&lvl=13&dir=0&sty=s&form=LMLTCC,MT105;MT144;MT024;M038;
M038,Stob Coire an Laoigh,,Peak of the corrie of the calf,04:17 Loch Linnie to Loch Ericht,1116,NN 239 725,http://www.bing.com/maps/?v=2&cp=56.810571~-4.88625&lvl=13&dir=0&sty=s&form=LMLTCC,MT076;MT923;MT034;MT033;M015;
M178,Stob Ban (Grey Corries),,White peak,04:18 Loch Linnie to Loch Ericht,977,NN 266 723,http://www.bing.com/maps/?v=2&cp=56.809791~-4.841949&lvl=13&dir=0&sty=s&form=LMLTCC,
M046,Stob a' Choire Mheadhoin,,Peak of the middle corrie,04:19 Loch Linnie to Loch Ericht,1105,NN 316 736,http://www.bing.com/maps/?v=2&cp=56.823293~-4.761015&lvl=13&dir=0&sty=s&form=LMLTCC,M039;
M039,Stob Coire Easain,,Peak of the corrie of the little waterfall,04:20 Loch Linnie to Loch Ericht,1115,NN 308 730,http://www.bing.com/maps/?v=2&cp=56.817619~-4.773708&lvl=13&dir=0&sty=s&form=LMLTCC,M046;
M174,Stob Coire Sgriodain,,Peak of the corrie of the scree,04:21 Loch Linnie to Loch Ericht,979,NN 356 743,http://www.bing.com/maps/?v=2&cp=56.831007~-4.696006&lvl=13&dir=0&sty=s&form=LMLTCC,M086;
M086,Chno Dearg,,Red hill,04:22 Loch Linnie to Loch Ericht,1046,NN 377 741,http://www.bing.com/maps/?v=2&cp=56.82995~-4.661504&lvl=13&dir=0&sty=s&form=LMLTCC,MT112;M174;
M241,Beinn na Lap,,Mottled hill,04:23 Loch Linnie to Loch Ericht,935,NN 376 695,http://www.bing.com/maps/?v=2&cp=56.788636~-4.660213&lvl=13&dir=0&sty=s&form=LMLTCC,
M208,Sgor Gaibhre,,Goat's peak,04:24 Loch Linnie to Loch Ericht,955,NN 444 674,http://www.bing.com/maps/?v=2&cp=56.772112~-4.547741&lvl=13&dir=0&sty=s&form=LMLTCC,MT186;M232;
M232,Carn Dearg (Loch Ossian),,Red hill,04:25 Loch Linnie to Loch Ericht,941,NN 417 661,http://www.bing.com/maps/?v=2&cp=56.759535~-4.591067&lvl=13&dir=0&sty=s&form=LMLTCC,M208;
M056,Beinn a' Chlachair,,Stonemason's hill,04:26 Loch Linnie to Loch Ericht,1087,NN 471 781,http://www.bing.com/maps/?v=2&cp=56.869037~-4.510027&lvl=13&dir=0&sty=s&form=LMLTCC,M081;M264;
M081,Geal Charn (Loch Laggan),,White hill,04:27 Loch Linnie to Loch Ericht,1049,NN 504 811,http://www.bing.com/maps/?v=2&cp=56.897038~-4.457713&lvl=13&dir=0&sty=s&form=LMLTCC,M056;M264;
M264,Creag Pitridh,,Meaning uncertain -  perhaps from the surname Petrie,04:28 Loch Linnie to Loch Ericht,924,NN 487 814,http://www.bing.com/maps/?v=2&cp=56.899179~-4.485772&lvl=13&dir=0&sty=s&form=LMLTCC,M056;M081;
M048,Beinn Eibhinn,,Delightful hill,04:29 Loch Linnie to Loch Ericht,1102,NN 449 733,http://www.bing.com/maps/?v=2&cp=56.825229~-4.543153&lvl=13&dir=0&sty=s&form=LMLTCC,MT200;MT204;M037;
M037,Aonach Beag (Badenoch),,Little hill,04:30 Loch Linnie to Loch Ericht,1116,NN 457 741,http://www.bing.com/maps/?v=2&cp=56.832675~-4.530543&lvl=13&dir=0&sty=s&form=LMLTCC,M048;
M026,Geal-Charn (Loch Pattack),,White hill,04:31 Loch Linnie to Loch Ericht,1132,NN 469 746,http://www.bing.com/maps/?v=2&cp=56.837559~-4.511198&lvl=13&dir=0&sty=s&form=LMLTCC,MT063;M098;
M098,Carn Dearg (Loch Pattack),,Red hill,04:32 Loch Linnie to Loch Ericht,1034,NN 504 764,http://www.bing.com/maps/?v=2&cp=56.854855~-4.454945&lvl=13&dir=0&sty=s&form=LMLTCC,MT198;M026;
M025,Ben Alder,,From the Alder Burn -  meaning rock water,04:33 Loch Linnie to Loch Ericht,1148,NN 496 718,http://www.bing.com/maps/?v=2&cp=56.813311~-4.465334&lvl=13&dir=0&sty=s&form=LMLTCC,M112;
M112,Beinn Bheoil,,Hill of the mouth,04:34 Loch Linnie to Loch Ericht,1019,NN 516 717,http://www.bing.com/maps/?v=2&cp=56.813056~-4.432548&lvl=13&dir=0&sty=s&form=LMLTCC,MT149;M025;
M155,Sgairneach Mhor,,Big stony hillside,05:01 Loch Ericht to Drumochter,991,NN 598 731,http://www.bing.com/maps/?v=2&cp=56.828167~-4.29912&lvl=13&dir=0&sty=s&form=LMLTCC,M119;
M119,Beinn Udlamain,,Gloomy mountain,05:02 Loch Ericht to Drumochter,1011,NN 579 739,http://www.bing.com/maps/?v=2&cp=56.834771~-4.330674&lvl=13&dir=0&sty=s&form=LMLTCC,M155;
M279,Geal-charn (Drumochter),,White hill,05:03 Loch Ericht to Drumochter,917,NN 596 782,http://www.bing.com/maps/?v=2&cp=56.873886~-4.305209&lvl=13&dir=0&sty=s&form=LMLTCC,M179;
M179,A' Mharconaich,,The horse place,05:04 Loch Ericht to Drumochter,975,NN 604 762,http://www.bing.com/maps/?v=2&cp=56.856175~-4.290997&lvl=13&dir=0&sty=s&form=LMLTCC,M279;
M240,A' Bhuidheanach Bheag,,The little yellow place,05:05 Loch Ericht to Drumochter,936,NN 660 776,http://www.bing.com/maps/?v=2&cp=56.870392~-4.199976&lvl=13&dir=0&sty=s&form=LMLTCC,MT189;M233;
M233,Carn na Caim,,Cairn of the curve,05:06 Loch Ericht to Drumochter,941,NN 677 821,http://www.bing.com/maps/?v=2&cp=56.911276~-4.174456&lvl=13&dir=0&sty=s&form=LMLTCC,M240;
M214,Meall Chuaich,,Hill of the quaich,05:07 Loch Ericht to Drumochter,951,NN 716 878,http://www.bing.com/maps/?v=2&cp=56.963544~-4.113347&lvl=13&dir=0&sty=s&form=LMLTCC,
M124,Beinn Dearg,,Red hill,06:01 Drumochter to Glen Shee: The West Mounth,1008,NN 852 777,http://www.bing.com/maps/?v=2&cp=56.876439~-3.885243&lvl=13&dir=0&sty=s&form=LMLTCC,
M181,Carn Liath (Beinn a'Ghlo),Beinn a'Ghlo - South,Grey hill,06:02 Drumochter to Glen Shee: The West Mounth,975,NN 936 698,http://www.bing.com/maps/?v=2&cp=56.807506~-3.744189&lvl=13&dir=0&sty=s&form=LMLTCC,M066;M032;
M066,Braigh Coire Chruinn-bhalgain,Beinn a'Ghlo - Central,Upland of the corrie of the round blisters,06:03 Drumochter to Glen Shee: The West Mounth,1070,NN 945 724,http://www.bing.com/maps/?v=2&cp=56.831058~-3.730533&lvl=13&dir=0&sty=s&form=LMLTCC,MT042;M181;M032;
M032,Carn nan Gabhar,Beinn a'Ghlo - North,Hill of the goats,06:04 Drumochter to Glen Shee: The West Mounth,1121,NN 971 733,http://www.bing.com/maps/?v=2&cp=56.839723~-3.68831&lvl=13&dir=0&sty=s&form=LMLTCC,MT042;M181;M066;
M192,Carn a' Chlamain,,Hill of the kite or buzzard,06:05 Drumochter to Glen Shee: The West Mounth,963,NN 915 758,http://www.bing.com/maps/?v=2&cp=56.860896~-3.78112&lvl=13&dir=0&sty=s&form=LMLTCC,
M148,Carn an Fhidhleir,Carn Ealar,Hill of the fiddler,06:06 Drumochter to Glen Shee: The West Mounth,994,NN 904 842,http://www.bing.com/maps/?v=2&cp=56.93606~-3.802782&lvl=13&dir=0&sty=s&form=LMLTCC,M126;
M126,An Sgarsoch,,The place of the sharp rocks,06:07 Drumochter to Glen Shee: The West Mounth,1006,NN 933 836,http://www.bing.com/maps/?v=2&cp=56.931351~-3.754896&lvl=13&dir=0&sty=s&form=LMLTCC,M148;
M079,Glas Tulaichean,,From glas-thulchan -  green hills,06:08 Drumochter to Glen Shee: The West Mounth,1051,NO 051 760,http://www.bing.com/maps/?v=2&cp=56.865673~-3.558243&lvl=13&dir=0&sty=s&form=LMLTCC,M102;
M102,Carn an Righ,,Hill of the king,06:09 Drumochter to Glen Shee: The West Mounth,1029,NO 028 772,http://www.bing.com/maps/?v=2&cp=56.875973~-3.596412&lvl=13&dir=0&sty=s&form=LMLTCC,M079;
M088,Beinn Iutharn Mhor,,Big hill of the edge-point,06:10 Drumochter to Glen Shee: The West Mounth,1045,NO 045 792,http://www.bing.com/maps/?v=2&cp=56.894286~-3.569284&lvl=13&dir=0&sty=s&form=LMLTCC,MT099;MT153;M221;
M221,Carn Bhac,,Hill of peat-banks,06:11 Drumochter to Glen Shee: The West Mounth,946,NO 051 832,http://www.bing.com/maps/?v=2&cp=56.930329~-3.560938&lvl=13&dir=0&sty=s&form=LMLTCC,MT220;M088;
M227,An Socach,,The projecting place (beak or snout),06:12 Drumochter to Glen Shee: The West Mounth,944,NO 079 799,http://www.bing.com/maps/?v=2&cp=56.901261~-3.513749&lvl=13&dir=0&sty=s&form=LMLTCC,MT175
M245,The Cairnwell,,From Gaelic Carn Bhalg -  hill of bags,06:13 Drumochter to Glen Shee: The West Mounth,933,NO 134 773,http://www.bing.com/maps/?v=2&cp=56.878972~-3.422593&lvl=13&dir=0&sty=s&form=LMLTCC,M180;M278;
M180,Carn a' Gheoidh,,Hill of the goose,06:14 Drumochter to Glen Shee: The West Mounth,975,NO 107 767,http://www.bing.com/maps/?v=2&cp=56.873072~-3.466669&lvl=13&dir=0&sty=s&form=LMLTCC,MT220;M245;M278;
M278,Carn Aosda,,Hill of age,06:15 Drumochter to Glen Shee: The West Mounth,917,NO 134 792,http://www.bing.com/maps/?v=2&cp=56.896035~-3.423242&lvl=13&dir=0&sty=s&form=LMLTCC,M245;M180;
M069,Glas Maol,,Greenish grey bare hill,07:01 Glen Shee to Glen Esk: The East Mounth,1068,NO 167 765,http://www.bing.com/maps/?v=2&cp=56.872392~-3.368201&lvl=13&dir=0&sty=s&form=LMLTCC,MT118;MT206;M159;
M159,Creag Leachach,,Slabby rock,07:02 Glen Shee to Glen Esk: The East Mounth,987,NO 154 745,http://www.bing.com/maps/?v=2&cp=56.854195~-3.388855&lvl=13&dir=0&sty=s&form=LMLTCC,MT112;M069;
M113,Carn an Tuirc,,Hill of the boar,07:03 Glen Shee to Glen Esk: The East Mounth,1019,NO 174 804,http://www.bing.com/maps/?v=2&cp=56.907543~-3.357991&lvl=13&dir=0&sty=s&form=LMLTCC,M071;M202;M204;
M071,Cairn of Claise,,Hill of the green grassy place,07:04 Glen Shee to Glen Esk: The East Mounth,1064,NO 185 788,http://www.bing.com/maps/?v=2&cp=56.893368~-3.339419&lvl=13&dir=0&sty=s&form=LMLTCC,MT136;M113;M202;M204;
M202,Tolmount,,Doll mounth or hill (leading to Glen Doll),07:05 Glen Shee to Glen Esk: The East Mounth,958,NO 210 800,http://www.bing.com/maps/?v=2&cp=56.904579~-3.298768&lvl=13&dir=0&sty=s&form=LMLTCC,MT209;M113;M071;M204;
M204,Tom Buidhe,,Yellow hill,07:06 Glen Shee to Glen Esk: The East Mounth,957,NO 213 787,http://www.bing.com/maps/?v=2&cp=56.892954~-3.29344&lvl=13&dir=0&sty=s&form=LMLTCC,M113;M071;M202;
M083,Carn an t-Sagairt Mor,,Big hill of the priest,07:07 Glen Shee to Glen Esk: The East Mounth,1047,NO 208 843,http://www.bing.com/maps/?v=2&cp=56.943163~-3.303397&lvl=13&dir=0&sty=s&form=LMLTCC,M042;
M042,Carn a' Choire Boidheach,,Hill of the beautiful corrie,07:08 Glen Shee to Glen Esk: The East Mounth,1110,NO 226 845,http://www.bing.com/maps/?v=2&cp=56.945264~-3.273881&lvl=13&dir=0&sty=s&form=LMLTCC,MT051;MT038;MT046;M083;
M117,Cairn Bannoch,,Hill of the point,07:09 Glen Shee to Glen Esk: The East Mounth,1012,NO 222 825,http://www.bing.com/maps/?v=2&cp=56.927235~-3.279839&lvl=13&dir=0&sty=s&form=LMLTCC,MT094;MT192;MT084;M142;
M142,Broad Cairn,,Broad cairn,07:10 Glen Shee to Glen Esk: The East Mounth,998,NO 240 815,http://www.bing.com/maps/?v=2&cp=56.918553~-3.249974&lvl=13&dir=0&sty=s&form=LMLTCC,MT102;M117;
M021,Lochnagar,Cac Carn Beag,Little loch of the noisy sound (Lochan na Gaire),07:11 Glen Shee to Glen Esk: The East Mounth,1155,NO 243 861,http://www.bing.com/maps/?v=2&cp=56.959915~-3.246425&lvl=13&dir=0&sty=s&form=LMLTCC,MT031;MT146;MT116;MT104;
M219,Driesh,,Gaelic dris -  a thorn bush or bramble,07:12 Glen Shee to Glen Esk: The East Mounth,947,NO 271 735,http://www.bing.com/maps/?v=2&cp=56.8472~-3.196768&lvl=13&dir=0&sty=s&form=LMLTCC,M253;
M253,Mayar,,Meaning obscure,07:13 Glen Shee to Glen Esk: The East Mounth,928,NO 240 737,http://www.bing.com/maps/?v=2&cp=56.848499~-3.247637&lvl=13&dir=0&sty=s&form=LMLTCC,M219;
M235,Mount Keen,,Gaelic monadh  - meaning hill,07:14 Glen Shee to Glen Esk: The East Mounth,939,NO 409 869,http://www.bing.com/maps/?v=2&cp=56.969523~-2.973696&lvl=13&dir=0&sty=s&form=LMLTCC,
M011,Beinn a' Bhuird,,Table-hill,08:01 The Cairngorms,1197,NJ 092 006,http://www.bing.com/maps/?v=2&cp=57.087407~-3.499875&lvl=13&dir=0&sty=s&form=LMLTCC,MT011;MT021;MT006;
M017,Ben Avon,Leabaidh an Daimh Bhuidhe, Leabaoidh an Daimh Bhuide – bed of the yellow stag,08:02 The Cairngorms,1171,NJ 131 018,http://www.bing.com/maps/?v=2&cp=57.098936~-3.435963&lvl=13&dir=0&sty=s&form=LMLTCC,MT029;MT119;MT181;MT065
M249,Beinn Bhreac,,Speckled hill,08:03 The Cairngorms,931,NO 058 971,http://www.bing.com/maps/?v=2&cp=57.055294~-3.554638&lvl=13&dir=0&sty=s&form=LMLTCC,MT193;M058;M249;
M058,Beinn a' Chaorainn (Cairngorms),,Hill of the rowan,08:04 The Cairngorms,1083,NJ 045 013,http://www.bing.com/maps/?v=2&cp=57.092741~-3.577661&lvl=13&dir=0&sty=s&form=LMLTCC,MT068;
M095,Carn a' Mhaim,,Hill of the pass,08:05 The Cairngorms,1037,NN 994 951,http://www.bing.com/maps/?v=2&cp=57.035981~-3.6593&lvl=13&dir=0&sty=s&form=LMLTCC,M002;M020;
M002,Ben Macdui,,Hill of the son of Duff,08:06 The Cairngorms,1309,NN 989 989,http://www.bing.com/maps/?v=2&cp=57.069993~-3.669066&lvl=13&dir=0&sty=s&form=LMLTCC,MT016;MT019;M095;M020;
M020,Derry Cairngorm,,Blue hill of Derry,08:07 The Cairngorms,1155,NO 017 980,http://www.bing.com/maps/?v=2&cp=57.062518~-3.622554&lvl=13&dir=0&sty=s&form=LMLTCC,MT020;MT101;M095;M002;
M006,Cairn Gorm,,Blue hill,08:08 The Cairngorms,1244,NJ 005 040,http://www.bing.com/maps/?v=2&cp=57.116137~-3.644717&lvl=13&dir=0&sty=s&form=LMLTCC,MT003;MT003;MT010;MT044;MT008;
M013,Beinn Mheadhoin,,Middle hill,08:09 The Cairngorms,1182,NJ 024 016,http://www.bing.com/maps/?v=2&cp=57.094994~-3.612419&lvl=13&dir=0&sty=s&form=LMLTCC,MT071;MT032;
M054,Bynack More,,Obscure,08:10 The Cairngorms,1090,NJ 041 063,http://www.bing.com/maps/?v=2&cp=57.137555~-3.586178&lvl=13&dir=0&sty=s&form=LMLTCC,MT067;MT122;
M003,Braeriach,,Brindled greyish upper part,08:11 The Cairngorms,1296,NN 953 999,http://www.bing.com/maps/?v=2&cp=57.078168~-3.728828&lvl=13&dir=0&sty=s&form=LMLTCC,MT001;
M130,The Devil's Point,,Penis of the demon,08:12 The Cairngorms,1004,NN 976 951,http://www.bing.com/maps/?v=2&cp=57.035585~-3.688946&lvl=13&dir=0&sty=s&form=LMLTCC,M004;M005;
M004,Cairn Toul,,Hill of the barn,08:13 The Cairngorms,1291,NN 963 972,http://www.bing.com/maps/?v=2&cp=57.05415~-3.711223&lvl=13&dir=0&sty=s&form=LMLTCC,MT004;M130;M005;
M005,Sgor an Lochan Uaine,The Angel's Peak - Added 1997,Peak of the little green loch,08:14 The Cairngorms,1258,NN 954 976,http://www.bing.com/maps/?v=2&cp=57.057539~-3.72622&lvl=13&dir=0&sty=s&form=LMLTCC,M130;M004;
M040,Monadh Mor,,Big hill,08:15 The Cairngorms,1113,NN 938 942,http://www.bing.com/maps/?v=2&cp=57.026644~-3.751148&lvl=13&dir=0&sty=s&form=LMLTCC,M040;
M019,Beinn Bhrotain,,Hill of the mastiff,08:16 The Cairngorms,1157,NN 954 922,http://www.bing.com/maps/?v=2&cp=57.009051~-3.723972&lvl=13&dir=0&sty=s&form=LMLTCC,MT166;M019;
M114,Mullach Clach a' Bhlair,,Summit of the stone of the plain,08:17 The Cairngorms,1019,NN 883 927,http://www.bing.com/maps/?v=2&cp=57.011877~-3.841036&lvl=13&dir=0&sty=s&form=LMLTCC,
M036,Sgor Gaoith,,Peak of wind,08:18 The Cairngorms,1118,NN 902 989,http://www.bing.com/maps/?v=2&cp=57.068~-3.812476&lvl=13&dir=0&sty=s&form=LMLTCC,MT045;MT208;MT111;MT086;MT018;
M260,Geal Charn (Monadh Liath),,White hill,09:01 Glen Roy to the Monadh Liath,926,NN 561 987,http://www.bing.com/maps/?v=2&cp=57.056813~-4.374261&lvl=13&dir=0&sty=s&form=LMLTCC,
M225,Carn Dearg (Monadh Liath),,Red hill,09:02 Glen Roy to the Monadh Liath,945,NH 635 023,http://www.bing.com/maps/?v=2&cp=57.091379~-4.25432&lvl=13&dir=0&sty=s&form=LMLTCC,MT207;MT167;MT202;M271;M251;
M271,Carn Sgulain,,Hill of the basket or of the old man,09:03 Glen Roy to the Monadh Liath,920,NH 683 058,http://www.bing.com/maps/?v=2&cp=57.124196~-4.177013&lvl=13&dir=0&sty=s&form=LMLTCC,M225;M251;
M251,A' Chailleach (Monadh Liath),,The old woman,09:04 Glen Roy to the Monadh Liath,930,NH 681 041,http://www.bing.com/maps/?v=2&cp=57.108879~-4.179417&lvl=13&dir=0&sty=s&form=LMLTCC,M225;M271;
M030,Creag Meagaidh,,Bogland rock,09:05 Glen Roy to the Monadh Liath,1128,NN 418 875,http://www.bing.com/maps/?v=2&cp=56.951617~-4.602743&lvl=13&dir=0&sty=s&form=LMLTCC,MT093;MT062;MT037;MT081;M127;M076;
M127,Carn Liath (Loch Laggan),,Grey hill,09:06 Glen Roy to the Monadh Liath,1006,NN 472 903,http://www.bing.com/maps/?v=2&cp=56.978561~-4.515749&lvl=13&dir=0&sty=s&form=LMLTCC,MT121;MT222;M030;M076;
M076,Stob Poite Coire Ardair,,Peak of the pot of the high corrie,09:07 Glen Roy to the Monadh Liath,1054,NN 428 888,http://www.bing.com/maps/?v=2&cp=56.963624~-4.587129&lvl=13&dir=0&sty=s&form=LMLTCC,MT092;M030;M127;
M080,Beinn a' Chaorainn (Glen Spean),,Hill of the rowan,09:08 Glen Roy to the Monadh Liath,1049,NN 386 851,http://www.bing.com/maps/?v=2&cp=56.928975~-4.653762&lvl=13&dir=0&sty=s&form=LMLTCC,MT052;MT048;M282
M282,Beinn Teallach,,Middle hill,09:09 Glen Roy to the Monadh Liath,915,NN 277 098,http://www.bing.com/maps/?v=2&cp=56.249379~-4.782501&lvl=13&dir=0&sty=s&form=LMLTCC,M080;
M161,Gulvain,Gaor Bheinn,Gaelic gaorr (filth) or gaoir (noise),10:01 Loch Eil to Glen Shiel,987,NN 002 875,http://www.bing.com/maps/?v=2&cp=56.935528~-5.285584&lvl=13&dir=0&sty=s&form=LMLTCC,MT137;
M206,Sgurr nan Coireachean (Glen Finnan),,Peak of the corries,10:02 Loch Eil to Glen Shiel,956,NM 902 880,http://www.bing.com/maps/?v=2&cp=56.935589~-5.45003&lvl=13&dir=0&sty=s&form=LMLTCC,M193;
M193,Sgurr Thuilm,,Peak of the rounded hillock,10:03 Loch Eil to Glen Shiel,963,NM 939 879,http://www.bing.com/maps/?v=2&cp=56.936354~-5.389255&lvl=13&dir=0&sty=s&form=LMLTCC,M206;
M239,Sron a' Choire Ghairbh,,Nose of the rough corrie,10:04 Loch Eil to Glen Shiel,937,NN 222 945,http://www.bing.com/maps/?v=2&cp=57.007301~-4.929485&lvl=13&dir=0&sty=s&form=LMLTCC,M275
M275,Meall na Teanga,,Hill of the tongue,10:05 Loch Eil to Glen Shiel,918,NN 220 924,http://www.bing.com/maps/?v=2&cp=56.988384~-4.931291&lvl=13&dir=0&sty=s&form=LMLTCC,M239;
M272,Gairich,,Roaring,10:06 Loch Eil to Glen Shiel,919,NN 025 995,http://www.bing.com/maps/?v=2&cp=57.04414~-5.257247&lvl=13&dir=0&sty=s&form=LMLTCC,
M132,Sgurr Mor (Loch Quoich),,Big peak,10:07 Loch Eil to Glen Shiel,1003,NM 965 980,http://www.bing.com/maps/?v=2&cp=57.028079~-5.354748&lvl=13&dir=0&sty=s&form=LMLTCC,
M213,Sgurr nan Coireachan (Glen Dessary),,Peak of the corries,10:08 Loch Eil to Glen Shiel,953,NM 933 958,http://www.bing.com/maps/?v=2&cp=57.006929~-5.405564&lvl=13&dir=0&sty=s&form=LMLTCC,M116;M092;
M116,Garbh Chioch Mhor,,Big rough place of the breast,10:09 Loch Eil to Glen Shiel,1013,NM 909 961,http://www.bing.com/maps/?v=2&cp=57.008538~-5.445255&lvl=13&dir=0&sty=s&form=LMLTCC,MT125;M213;M092;
M092,Sgurr na Ciche,,Peak of the breast,10:10 Loch Eil to Glen Shiel,1040,NM 902 966,http://www.bing.com/maps/?v=2&cp=57.012704~-5.457176&lvl=13&dir=0&sty=s&form=LMLTCC,M213;M116;
M183,Beinn Sgritheall,,Probably scree or gravel hill,10:11 Loch Eil to Glen Shiel,974,NG 835 126,http://www.bing.com/maps/?v=2&cp=57.153061~-5.581104&lvl=13&dir=0&sty=s&form=LMLTCC,MT190;
M234,Luinne Bheinne,,Hill of anger or hill of mirth or melody,10:12 Loch Eil to Glen Shiel,939,NG 869 007,http://www.bing.com/maps/?v=2&cp=57.047955~-5.514887&lvl=13&dir=0&sty=s&form=LMLTCC,MT177;M222;
M222,Meall Buidhe (Knoidart),,Yellow hill,10:13 Loch Eil to Glen Shiel,946,NM 849 989,http://www.bing.com/maps/?v=2&cp=57.030887~-5.546248&lvl=13&dir=0&sty=s&form=LMLTCC,MT168;M234;
M111,Ladhar Bheinn,,Hoof or claw hill,10:14 Loch Eil to Glen Shiel,1020,NG 823 039,http://www.bing.com/maps/?v=2&cp=57.074496~-5.593331&lvl=13&dir=0&sty=s&form=LMLTCC,MT138;
M097,Gleouraich,,Possibly uproar or noise,10:15 Loch Eil to Glen Shiel,1035,NH 039 053,http://www.bing.com/maps/?v=2&cp=57.096756~-5.238744&lvl=13&dir=0&sty=s&form=LMLTCC,MT077;M146;
M146,Spidean Mialach,,Peak of deer -  or other wild animals,10:16 Loch Eil to Glen Shiel,996,NH 066 043,http://www.bing.com/maps/?v=2&cp=57.08893~-5.193481&lvl=13&dir=0&sty=s&form=LMLTCC,M097;
M104,Sgurr a' Mhaoraich,,Peak of the shellfish,10:17 Loch Eil to Glen Shiel,1027,NG 983 065,http://www.bing.com/maps/?v=2&cp=57.105097~-5.331977&lvl=13&dir=0&sty=s&form=LMLTCC,MT156;
M218,Creag a' Mhaim,,Rock of the large rounded hill,10:18 Loch Eil to Glen Shiel,947,NH 087 077,http://www.bing.com/maps/?v=2&cp=57.120303~-5.161481&lvl=13&dir=0&sty=s&form=LMLTCC,M160;M109;M168;
M160,Druim Shionnach,,Ridge of the fox,10:19 Loch Eil to Glen Shiel,987,NH 074 084,http://www.bing.com/maps/?v=2&cp=57.126039~-5.183456&lvl=13&dir=0&sty=s&form=LMLTCC,MT176;M218;M109;M168;
M109,Aonach air Chrith,,Trembling hill,10:20 Loch Eil to Glen Shiel,1021,NH 050 083,http://www.bing.com/maps/?v=2&cp=57.12413~-5.222956&lvl=13&dir=0&sty=s&form=LMLTCC,M218;M160;M168;
M168,Maol Chinn-dearg (Glen Shiel),,Bald red head,10:21 Loch Eil to Glen Shiel,981,NH 032 087,http://www.bing.com/maps/?v=2&cp=57.126951~-5.252952&lvl=13&dir=0&sty=s&form=LMLTCC,M218;M160;M109;
M122,Sgurr an Doire Leathain,,Peak of the broad thicket,10:22 Loch Eil to Glen Shiel,1010,NH 015 099,http://www.bing.com/maps/?v=2&cp=57.136982~-5.281939&lvl=13&dir=0&sty=s&form=LMLTCC,M131;M274;
M131,Sgurr an Lochain,,Peak of the little loch,10:23 Loch Eil to Glen Shiel,1004,NH 005 104,http://www.bing.com/maps/?v=2&cp=57.141033~-5.298832&lvl=13&dir=0&sty=s&form=LMLTCC,M122;M274;
M274,Creag nan Damh,,Rock of the stags,10:24 Loch Eil to Glen Shiel,918,NG 983 111,http://www.bing.com/maps/?v=2&cp=57.146349~-5.335688&lvl=13&dir=0&sty=s&form=LMLTCC,M122;M131;
M121,The Saddle,,The Saddle,10:25 Loch Eil to Glen Shiel,1010,NG 936 131,http://www.bing.com/maps/?v=2&cp=57.162196~-5.414877&lvl=13&dir=0&sty=s&form=LMLTCC,MT211;MT133;MT172;M223;
M223,Sgurr na Sgine,,Peak of the knife,10:26 Loch Eil to Glen Shiel,946,NG 946 113,http://www.bing.com/maps/?v=2&cp=57.146503~-5.396892&lvl=13&dir=0&sty=s&form=LMLTCC,MT165;M121;
M041,Tom a' Choinich,,Hill of the moss,11:01 Glen Affric to Glen Shiel,1112,NH 164 273,http://www.bing.com/maps/?v=2&cp=57.29926~-5.048978&lvl=13&dir=0&sty=s&form=LMLTCC,MT047;M077;
M077,Toll Creagach,,Rocky hollow,11:02 Glen Affric to Glen Shiel,1054,NH 194 282,http://www.bing.com/maps/?v=2&cp=57.30853~-4.999921&lvl=13&dir=0&sty=s&form=LMLTCC,MT155;M041;
M012,Carn Eighe,,File hill,11:03 Glen Affric to Glen Shiel,1183,NH 123 262,http://www.bing.com/maps/?v=2&cp=57.287727~-5.11608&lvl=13&dir=0&sty=s&form=LMLTCC,MT014;MT011;MT013;MT219;M128;M014;
M128,Beinn Fhionnlaidh,,Finlay's hill,11:04 Glen Affric to Glen Shiel,1005,NH 115 282,http://www.bing.com/maps/?v=2&cp=57.305336~-5.130856&lvl=13&dir=0&sty=s&form=LMLTCC,M012;M014;
M014,Mam Sodhail,,Hill of the barns,11:05 Glen Affric to Glen Shiel,1181,NH 120 253,http://www.bing.com/maps/?v=2&cp=57.279531~-5.120365&lvl=13&dir=0&sty=s&form=LMLTCC,MT036;MT043;MT090;MT057;M012;M128;
M269,An Socach (Glen Affric),,The snout,11:06 Glen Affric to Glen Shiel,921,NH 088 230,http://www.bing.com/maps/?v=2&cp=57.257574~-5.171583&lvl=13&dir=0&sty=s&form=LMLTCC,MT226;MT212;MT035;MT053;MT102;MT127;
M167,Mullach na Dheiragain,,Perhaps summit of the hawk,11:07 Glen Affric to Glen Shiel,982,NH 080 259,http://www.bing.com/maps/?v=2&cp=57.283249~-5.187071&lvl=13&dir=0&sty=s&form=LMLTCC,MT127;MT117;M022;
M022,Sgurr nan Ceathreamhnan,,Peak of the quarters,11:08 Glen Affric to Glen Shiel,1151,NH 057 228,http://www.bing.com/maps/?v=2&cp=57.254474~-5.222729&lvl=13&dir=0&sty=s&form=LMLTCC,MT226;MT212;MT035;MT053;MT102;MT127;M167;
M100,Beinn Fhada,,Long hill,11:09 Glen Affric to Glen Shiel,1032,NH 018 192,http://www.bing.com/maps/?v=2&cp=57.220516~-5.284389&lvl=13&dir=0&sty=s&form=LMLTCC,MT152;MT134;M273;
M273,A' Ghlas-bheinn,,The greenish-grey hill,11:10 Glen Affric to Glen Shiel,918,NH 008 230,http://www.bing.com/maps/?v=2&cp=57.25416~-5.30397&lvl=13&dir=0&sty=s&form=LMLTCC,M100;
M203,Carn Ghluasaid,,Hill of movement,11:11 Glen Affric to Glen Shiel,957,NH 145 125,http://www.bing.com/maps/?v=2&cp=57.165737~-5.069403&lvl=13&dir=0&sty=s&form=LMLTCC,M044;M133;
M044,Sgurr nan Conbhairean,,Peak of the keeper of the hounds,11:12 Glen Affric to Glen Shiel,1109,NH 129 138,http://www.bing.com/maps/?v=2&cp=57.176748~-5.096795&lvl=13&dir=0&sty=s&form=LMLTCC,MT087;MT082;M203;M133;
M133,Sail Chaorainn,,Hill of the rowan,11:13 Glen Affric to Glen Shiel,1002,NH 133 154,http://www.bing.com/maps/?v=2&cp=57.191263~-5.091389&lvl=13&dir=0&sty=s&form=LMLTCC,MT083;MT188;M203;M044;
M033,A' Chralaig,,The basket or creel,11:14 Glen Affric to Glen Shiel,1120,NH 094 148,http://www.bing.com/maps/?v=2&cp=57.184277~-5.155361&lvl=13&dir=0&sty=s&form=LMLTCC,MT157;MT075;M049;
M049,Mullach Fraoch-choire,,Heather-corrie peak,11:15 Glen Affric to Glen Shiel,1102,NH 095 171,http://www.bing.com/maps/?v=2&cp=57.204948~-5.15547&lvl=13&dir=0&sty=s&form=LMLTCC,M033;
M173,Ciste Dhubh,,Black chest,11:16 Glen Affric to Glen Shiel,979,NH 062 166,http://www.bing.com/maps/?v=2&cp=57.19908~-5.209617&lvl=13&dir=0&sty=s&form=LMLTCC,
M135,Aonach Mheadhoin,,Middle hill,11:17 Glen Affric to Glen Shiel,1001,NH 049 137,http://www.bing.com/maps/?v=2&cp=57.172519~-5.228825&lvl=13&dir=0&sty=s&form=LMLTCC,MT098;M096;M205;
M096,Sgurr a' Bhealaich Dheirg,,Peak of the red pass,11:18 Glen Affric to Glen Shiel,1036,NH 035 143,http://www.bing.com/maps/?v=2&cp=57.177303~-5.252414&lvl=13&dir=0&sty=s&form=LMLTCC,M135;M205;
M205,Saileag,,Little heel,11:19 Glen Affric to Glen Shiel,956,NH 017 148,http://www.bing.com/maps/?v=2&cp=57.181012~-5.282535&lvl=13&dir=0&sty=s&form=LMLTCC,M135;M096;
M105,Sgurr na Ciste Duibhe,,Peak of the black chest,11:20 Glen Affric to Glen Shiel,1027,NG 984 149,http://www.bing.com/maps/?v=2&cp=57.180471~-5.33711&lvl=13&dir=0&sty=s&form=LMLTCC,MT095;M134;M070;
M134,Sgurr na Carnach,Added 1997,Stony peak,11:21 Glen Affric to Glen Shiel,1002,NG 977 158,http://www.bing.com/maps/?v=2&cp=57.188233~-5.3494&lvl=13&dir=0&sty=s&form=LMLTCC,M105;M070;
M070,Sgurr Fhuaran,,Obscure,11:22 Glen Affric to Glen Shiel,1067,NG 978 166,http://www.bing.com/maps/?v=2&cp=57.195452~-5.348398&lvl=13&dir=0&sty=s&form=LMLTCC,MT187;M105;M134;
M067,An Socach (Glen Cannich),,The projecting place  or snout,12:01 Glen Cannich to Glen Carron,1069,NH 100 332,http://www.bing.com/maps/?v=2&cp=57.34956~-5.159565&lvl=13&dir=0&sty=s&form=LMLTCC,M029;M024;M152;
M029,An Riabhachan,,The brindled greyish one,12:02 Glen Cannich to Glen Carron,1129,NH 133 344,http://www.bing.com/maps/?v=2&cp=57.361687~-5.105719&lvl=13&dir=0&sty=s&form=LMLTCC,MT030;MT056;M067;M024;M152;
M024,Sgurr na Lapaich,,Peak of the bog,12:03 Glen Cannich to Glen Carron,1150,NH 160 351,http://www.bing.com/maps/?v=2&cp=57.369064~-5.061426&lvl=13&dir=0&sty=s&form=LMLTCC,MT028;M067;M029;M152;
M152,Carn nan Gobhar (Glen Cannich),,Hill of the goats,12:04 Glen Cannich to Glen Carron,992,NH 181 343,http://www.bing.com/maps/?v=2&cp=57.362732~-5.025969&lvl=13&dir=0&sty=s&form=LMLTCC,MT160;M067;M029;M024;
M151,Sgurr na Ruaidhe,,Peak of the redness,12:05 Glen Cannich to Glen Carron,993,NH 288 426,http://www.bing.com/maps/?v=2&cp=57.441343~-4.854115&lvl=13&dir=0&sty=s&form=LMLTCC,M151;M153;M060;M082;
M153,Carn nan Gobhar (Glen Strathfarrar),,Hill of the goats,12:06 Glen Cannich to Glen Carron,992,NH 273 439,http://www.bing.com/maps/?v=2&cp=57.452438~-4.879989&lvl=13&dir=0&sty=s&form=LMLTCC,M151;M060;M082;
M060,Sgurr a' Choire Ghlais,,Peak of the greenish-grey corrie,12:07 Glen Cannich to Glen Carron,1083,NH 259 430,http://www.bing.com/maps/?v=2&cp=57.443829~-4.902648&lvl=13&dir=0&sty=s&form=LMLTCC,M151;M153;M082;
M082,Sgurr Fuar-thuill,,Peak of the cold hollow,12:08 Glen Cannich to Glen Carron,1049,NH 235 437,http://www.bing.com/maps/?v=2&cp=57.449182~-4.943084&lvl=13&dir=0&sty=s&form=LMLTCC,MT060;MT070;M151;M153;M060;
M224,Bidean a' Choire Sheasgaich,,Peak of the corrie of the barren or milkless cattle,12:09 Glen Cannich to Glen Carron,945,NH 049 412,http://www.bing.com/maps/?v=2&cp=57.419151~-5.250526&lvl=13&dir=0&sty=s&form=LMLTCC,M163;
M163,Lurg Mhor,,Big ridge stretching into the plain,12:10 Glen Cannich to Glen Carron,986,NH 065 404,http://www.bing.com/maps/?v=2&cp=57.41266~-5.2233&lvl=13&dir=0&sty=s&form=LMLTCC,MT114;M224;
M139,Sgurr Choinnich,,Moss peak,12:11 Glen Cannich to Glen Carron,999,NH 076 446,http://www.bing.com/maps/?v=2&cp=57.450795~-5.208316&lvl=13&dir=0&sty=s&form=LMLTCC,M078;
M078,Sgurr a' Chaorachain,,Peak of the little field of the berries,12:12 Glen Cannich to Glen Carron,1053,NH 087 447,http://www.bing.com/maps/?v=2&cp=57.452156~-5.190093&lvl=13&dir=0&sty=s&form=LMLTCC,MT050;M139;
M255,Moruisg,,Big water,12:13 Glen Cannich to Glen Carron,928,NH 101 499,http://www.bing.com/maps/?v=2&cp=57.499382~-5.170842&lvl=13&dir=0&sty=s&form=LMLTCC,
M125,Maoile Lunndaidh,,Bare hill of the wet place,12:15 Glen Cannich to Glen Carron,1007,NH 135 458,http://www.bing.com/maps/?v=2&cp=57.46402~-5.111066&lvl=13&dir=0&sty=s&form=LMLTCC,MT091;
M247,Maol Chean-dearg (Torridon),,Bald red head,13:01 Glen Carron to Glen Torridon,933,NG 924 499,http://www.bing.com/maps/?v=2&cp=57.49162~-5.465642&lvl=13&dir=0&sty=s&form=LMLTCC,
M258,Beinn Liath Mhor,,Big grey hill,13:02 Glen Carron to Glen Torridon,926,NG 964 519,http://www.bing.com/maps/?v=2&cp=57.511368~-5.400703&lvl=13&dir=0&sty=s&form=LMLTCC,M195;
M195,Sgorr Ruadh,,Red peak,13:03 Glen Carron to Glen Torridon,962,NG 959 505,http://www.bing.com/maps/?v=2&cp=57.49859~-5.407862&lvl=13&dir=0&sty=s&form=LMLTCC,M258;
M268,Tom na Gruagaich,Beinn Alligin – South – Added 1997,Hill of the maiden,13:04 Glen Carron to Glen Torridon,922,NG 859 601,http://www.bing.com/maps/?v=2&cp=57.580039~-5.582834&lvl=13&dir=0&sty=s&form=LMLTCC,M162;
M162,Sgurr Mhor,Beinn Alligin – North,Possibly jewelled hill,13:05 Glen Carron to Glen Torridon,986,NG 865 613,http://www.bing.com/maps/?v=2&cp=57.591081~-5.573876&lvl=13&dir=0&sty=s&form=LMLTCC,M258;
M075,Spidean a Choire Leith,Liathach - East,Peak of the grey corrie,13:06 Glen Carron to Glen Torridon,1055,NG 929 579,http://www.bing.com/maps/?v=2&cp=57.563577~-5.46412&lvl=13&dir=0&sty=s&form=LMLTCC,MT195;MT100;MT225;M108;
M108,Mullach an Rathain,Liathach - West,Summit of the row of pinnacles,13:07 Glen Carron to Glen Torridon,1023,NG 912 577,http://www.bing.com/maps/?v=2&cp=57.561002~-5.49231&lvl=13&dir=0&sty=s&form=LMLTCC,MT195;MT148;M075;
M150,Spidean Coire nan Clach (Beinn Eighe),Beinn Eighe - Added 1997,Peak of the stony corrie,13:08 Glen Carron to Glen Torridon,993,NG 966 597,http://www.bing.com/maps/?v=2&cp=57.581397~-5.403894&lvl=13&dir=0&sty=s&form=LMLTCC,M120;
M120,Beinn Eighe,Ruadh-stac Mor,Big red peak,13:09 Glen Carron to Glen Torridon,1010,NG 951 611,http://www.bing.com/maps/?v=2&cp=57.593272~-5.430115&lvl=13&dir=0&sty=s&form=LMLTCC,M150;
M170,Slioch - North Top,,Gaelic sleacgh -  a spear,14:01 Loch Maree to Loch Broom,981,NH 004 690,http://www.bing.com/maps/?v=2&cp=57.666485~-5.348128&lvl=13&dir=0&sty=s&form=LMLTCC,MT182;
M187,A' Mhaighdean,,The maiden,14:02 Loch Maree to Loch Broom,967,NH 007 749,http://www.bing.com/maps/?v=2&cp=57.719523~-5.34799&lvl=13&dir=0&sty=s&form=LMLTCC,M276;
M276,Ruadh Stac Mor,Beinn Eighe,Big red peak,14:03 Loch Maree to Loch Broom,918,NH 018 756,http://www.bing.com/maps/?v=2&cp=57.726287~-5.330134&lvl=13&dir=0&sty=s&form=LMLTCC,MT110;MT106;M187;
M238,Beinn Tarsuinn,,Transverse hill,14:04 Loch Maree to Loch Broom,937,NH 039 728,http://www.bing.com/maps/?v=2&cp=57.7021~-5.292651&lvl=13&dir=0&sty=s&form=LMLTCC,M115;M157;
M115,Mullach Coire Mhic Fhearchair,,Summit of the corrie of Farquhar's son,14:05 Loch Maree to Loch Broom,1018,NH 052 735,http://www.bing.com/maps/?v=2&cp=57.708942~-5.271442&lvl=13&dir=0&sty=s&form=LMLTCC,MT218;MT103;M238;M157;
M157,Sgurr Ban (Letterewe),,White peak,14:06 Loch Maree to Loch Broom,989,NH 055 745,http://www.bing.com/maps/?v=2&cp=57.718039~-5.267224&lvl=13&dir=0&sty=s&form=LMLTCC,M238;M115;
M072,Bidean a' Ghlas Thuill,An Teallach – North,Peak of the greenish-grey hollow,14:08 Loch Maree to Loch Broom,1062,NH 068 843,http://www.bing.com/maps/?v=2&cp=57.806483~-5.253335&lvl=13&dir=0&sty=s&form=LMLTCC,MT139;MT107;M073;
M073,Sgurr Fiona,An Teallach - South,Light coloured peak  or perhaps peak of wine,14:09 Loch Maree to Loch Broom,1060,NH 064 837,http://www.bing.com/maps/?v=2&cp=57.80093~-5.259569&lvl=13&dir=0&sty=s&form=LMLTCC,MT055;MT059;MT151;MT069;MT141;M072;
M266,An Coileachan,,The little cock,14:10 Loch Maree to Loch Broom,923,NH 241 680,http://www.bing.com/maps/?v=2&cp=57.6674~-4.950691&lvl=13&dir=0&sty=s&form=LMLTCC,MT205;MT115;M215;
M215,Meall Gorm,,Blue hill,14:11 Loch Maree to Loch Broom,949,NH 221 696,http://www.bing.com/maps/?v=2&cp=57.680966~-4.98535&lvl=13&dir=0&sty=s&form=LMLTCC,MT205;MT115;M226;
M043,Sgurr Mor (Fannichs)),,Big peak,14:12 Loch Maree to Loch Broom,1110,NH 203 718,http://www.bing.com/maps/?v=2&cp=57.699984~-5.017133&lvl=13&dir=0&sty=s&form=LMLTCC,MT135;MT115;M209;
M209,Beinn Liath Mhor Fannaich,,Big grey hill of Fannich,14:13 Loch Maree to Loch Broom,954,NH 219 724,http://www.bing.com/maps/?v=2&cp=57.706003~-4.99077&lvl=13&dir=0&sty=s&form=LMLTCC,M043;
M243,Meall a' Chrasgaidh,,Hill of the crossing,14:14 Loch Maree to Loch Broom,934,NH 184 733,http://www.bing.com/maps/?v=2&cp=57.712675~-5.050097&lvl=13&dir=0&sty=s&form=LMLTCC,M053;M267;
M053,Sgurr nan Clach Geala,,Peak of the white stones,14:15 Loch Maree to Loch Broom,1093,NH 184 715,http://www.bing.com/maps/?v=2&cp=57.69653~-5.048739&lvl=13&dir=0&sty=s&form=LMLTCC,M243;M267;
M267,Sgurr nan Each,,Peak of the horses,14:16 Loch Maree to Loch Broom,923,NH 184 697,http://www.bing.com/maps/?v=2&cp=57.680385~-5.047382&lvl=13&dir=0&sty=s&form=LMLTCC,M243;M053;
M138,Sgurr Breac,,Speckled peak,14:17 Loch Maree to Loch Broom,999,NH 158 711,http://www.bing.com/maps/?v=2&cp=57.691885~-5.091986&lvl=13&dir=0&sty=s&form=LMLTCC,M144;
M144,A' Chailleach (Fannaichs),,The old woman,14:18 Loch Maree to Loch Broom,997,NH 136 714,http://www.bing.com/maps/?v=2&cp=57.693669~-5.129065&lvl=13&dir=0&sty=s&form=LMLTCC,M138;MT180;
M246,Fionn Bheinn,,Pale-coloured hill,14:19 Loch Maree to Loch Broom,933,NH 147 621,http://www.bing.com/maps/?v=2&cp=57.610712~-5.103505&lvl=13&dir=0&sty=s&form=LMLTCC,
M085,Ben Wyvis,Glas Leathad Mor,Gaelic fuathas -  awesome hill,15:01 Loch Broom to the Cromarty Firth,1046,NH 463 683,http://www.bing.com/maps/?v=2&cp=57.67822~-4.579153&lvl=13&dir=0&sty=s&form=LMLTCC,MT161;MT191;MT150;
M210,Am Faochagach,,The place of the shells,15:02 Loch Broom to the Cromarty Firth,953,NH 303 793,http://www.bing.com/maps/?v=2&cp=57.771153~-4.854872&lvl=13&dir=0&sty=s&form=LMLTCC,
M176,Cona' Mheall,,Hill of the dog -  or hill of the meeting,15:03 Loch Broom to the Cromarty Firth,978,NH 274 816,http://www.bing.com/maps/?v=2&cp=57.790678~-4.905218&lvl=13&dir=0&sty=s&form=LMLTCC,M057;
M057,Beinn Dearg  (Ross-shire),,Red hill,15:04 Loch Broom to the Cromarty Firth,1084,NH 259 811,http://www.bing.com/maps/?v=2&cp=57.785613~-4.93005&lvl=13&dir=0&sty=s&form=LMLTCC,M176;
M177,Meall nan Ceapraichean,,Ceap -  meaning a back or hilltop,15:05 Loch Broom to the Cromarty Firth,977,NH 257 825,http://www.bing.com/maps/?v=2&cp=57.798093~-4.934429&lvl=13&dir=0&sty=s&form=LMLTCC,MT124;M257;
M257,Eididh nan Clach Geala,,Web of the white stones,15:06 Loch Broom to the Cromarty Firth,927,NH 257 842,http://www.bing.com/maps/?v=2&cp=57.813343~-4.935668&lvl=13&dir=0&sty=s&form=LMLTCC,M177;
M262,Seana Bhraigh,,Old upper part,15:07 Loch Broom to the Cromarty Firth,926,NH 281 878,http://www.bing.com/maps/?v=2&cp=57.846565~-4.897922&lvl=13&dir=0&sty=s&form=LMLTCC,
M158,Conival,,Hill of the dog  or hill of the meeting,16:01 Loch Broom to Cape Wrath,987,NC 303 199,http://www.bing.com/maps/?v=2&cp=58.135359~-4.883981&lvl=13&dir=0&sty=s&form=LMLTCC,M141;
M141,Ben More Assynt,,Big hill of Assynt (Norse: ass -  a rocky ridge),16:02 Loch Broom to Cape Wrath,998,NC 318 201,http://www.bing.com/maps/?v=2&cp=58.137726~-4.858685&lvl=13&dir=0&sty=s&form=LMLTCC,MT140;M158;
M194,Ben Klibreck,Meall nan Con,Hill of the speckled cliff,16:03 Loch Broom to Cape Wrath,962,NC 585 299,http://www.bing.com/maps/?v=2&cp=58.235022~-4.411622&lvl=13&dir=0&sty=s&form=LMLTCC,
M256,Ben Hope,,Hill of the bay,16:04 Loch Broom to Cape Wrath,927,NC 477 501,http://www.bing.com/maps/?v=2&cp=58.412655~-4.608674&lvl=13&dir=0&sty=s&form=LMLTCC,
M189,Ben More (Mull),,Big hill,17:01 The Islands,966,NM 525 330,http://www.bing.com/maps/?v=2&cp=56.424108~-6.015201&lvl=13&dir=0&sty=s&form=LMLTCC,
M191,Sgurr nan Gillean,,Peak of the young men,17:02 The Islands,964,NG 471 252,http://www.bing.com/maps/?v=2&cp=57.24735~-6.194022&lvl=13&dir=0&sty=s&form=LMLTCC,
M242,Am Basteir,,Obscure - but probably NOT the executioner,17:03 The Islands,934,NG 465 253,http://www.bing.com/maps/?v=2&cp=57.247914~-6.204041&lvl=13&dir=0&sty=s&form=LMLTCC,MT224;
M200,Bruach na Frithe,,Slope of the deer forest,17:04 The Islands,958,NG 461 252,http://www.bing.com/maps/?v=2&cp=57.246797~-6.210549&lvl=13&dir=0&sty=s&form=LMLTCC,MT179;
M277,Sgurr a' Mhadaidh,,Peak of the fox,17:05 The Islands,918,NG 446 235,http://www.bing.com/maps/?v=2&cp=57.230733~-6.233588&lvl=13&dir=0&sty=s&form=LMLTCC,M185;
M185,Sgurr a' Ghreadhaidh,,Peak of torment/ anxiety,17:06 The Islands,973,NG 445 232,http://www.bing.com/maps/?v=2&cp=57.22799~-6.234932&lvl=13&dir=0&sty=s&form=LMLTCC,MT123;M277;
M190,Sgurr na Banachdich,,Perhaps from banachdag -  a milkmaid,17:07 The Islands,965,NG 440 224,http://www.bing.com/maps/?v=2&cp=57.220544~-6.242366&lvl=13&dir=0&sty=s&form=LMLTCC,MT164;MT197;
M164,Sgurr Dearg,The Inaccessible Pinnacle,Red peak,17:08 The Islands,986,NG 444 215,http://www.bing.com/maps/?v=2&cp=57.212705~-6.234835&lvl=13&dir=0&sty=s&form=LMLTCC,
M217,Sgurr Mhic Choinnich,,MacKenzie's peak (after John MacKenzie -  a Cuillin guide),17:09 The Islands,948,NG 450 210,http://www.bing.com/maps/?v=2&cp=57.20856~-6.224416&lvl=13&dir=0&sty=s&form=LMLTCC,
M154,Sgurr Alasdair,,Alexander's peak (after Sherriff Alexander Nicholson),17:10 The Islands,992,NG 450 207,http://www.bing.com/maps/?v=2&cp=57.205872~-6.224109&lvl=13&dir=0&sty=s&form=LMLTCC,MT158;MT109;
M228,Sgurr Dubh Mor,,Big black peak,17:11 The Islands,944,NG 457 205,http://www.bing.com/maps/?v=2&cp=57.204469~-6.212349&lvl=13&dir=0&sty=s&form=LMLTCC,MT173;M265;
M265,Sgurr nan Eag,,Peak of the notches,17:12 The Islands,924,NG 457 195,http://www.bing.com/maps/?v=2&cp=57.195511~-6.211327&lvl=13&dir=0&sty=s&form=LMLTCC,M228;
M252,Bla Bheinn,Blaven,Blue hill  or possibly warm hill,17:13 The Islands,928,NG 529 217,http://www.bing.com/maps/?v=2&cp=57.219159~-6.094675&lvl=13&dir=0&sty=s&form=LMLTCC,MT196;
